project_county_name,project_state,total
ABBEVILLE,SC,324
ACADIA,LA,1306
ACCOMACK,VA,462
ADA,ID,11258
ADAIR,IA,612
ADAIR,KY,962
ADAIR,MO,792
ADAIR,OK,890
ADAMS,CO,7481
ADAMS,IA,288
ADAMS,ID,69
ADAMS,IL,2240
ADAMS,IN,563
ADAMS,MS,1096
ADAMS,ND,213
ADAMS,NE,1254
ADAMS,OH,432
ADAMS,PA,1313
ADAMS,WA,313
ADAMS,WI,267
ADDISON,VT,848
ADJUNTAS,PR,143
AGUADA,PR,516
AGUADILLA,PR,799
AGUAS BUENAS,PR,245
AIBONITO,PR,216
AIKEN,SC,2415
AITKIN,MN,279
ALACHUA,FL,5540
ALAMANCE,NC,2403
ALAMEDA,CA,39451
ALAMOSA,CO,397
ALBANY,NY,6413
ALBANY,WY,724
ALBEMARLE,VA,1803
ALCONA,MI,134
ALCORN,MS,944
Aleutian Islands,AK,1
ALEUTIANS EAST,AK,72
ALEUTIANS WEST,AK,47
ALEXANDER,IL,101
ALEXANDER,NC,330
ALEXANDRIA CITY,VA,4860
ALFALFA,OK,401
ALGER,MI,176
ALLAMAKEE,IA,973
ALLEGAN,MI,1637
ALLEGANY,MD,880
ALLEGANY,NY,393
ALLEGHANY,NC,258
ALLEGHANY,VA,131
ALLEGHENY,PA,24345
ALLEN,IN,6973
ALLEN,KS,421
ALLEN,KY,405
ALLEN,LA,236
ALLEN,OH,1891
ALLENDALE,SC,226
ALPENA,MI,465
ALPINE,CA,10
AMADOR,CA,484
AMELIA,VA,230
AMERICAN SAMOA,AS,220
AMHERST,VA,258
AMITE,MS,360
ANASCO,PR,254
ANCHORAGE,AK,6315
ANDERSON,KS,436
ANDERSON,KY,305
ANDERSON,SC,2921
ANDERSON,TN,961
ANDERSON,TX,739
ANDREW,MO,392
ANDREWS,TX,401
ANDROSCOGGIN,ME,1682
ANGELINA,TX,1527
ANNE ARUNDEL,MD,11750
ANOKA,MN,5853
ANSON,NC,362
ANTELOPE,NE,854
ANTRIM,MI,357
APACHE,AZ,210
APO,AE,2
APPANOOSE,IA,490
APPLING,GA,516
APPOMATTOX,VA,253
ARANSAS,TX,444
ARAPAHOE,CO,15751
ARCHER,TX,318
ARCHULETA,CO,358
ARECIBO,PR,970
ARENAC,MI,206
ARKANSAS,AR,579
ARLINGTON,VA,4673
ARMSTRONG,PA,734
ARMSTRONG,TX,92
AROOSTOOK,ME,1843
ARROYO,PR,53
ARTHUR,NE,51
ASCENSION,LA,3808
ASHE,NC,417
ASHLAND,OH,876
ASHLAND,WI,384
ASHLEY,AR,422
ASHTABULA,OH,1044
ASOTIN,WA,256
ASSUMPTION,LA,902
ATASCOSA,TX,722
ATCHISON,KS,527
ATCHISON,MO,241
ATHENS,OH,715
ATKINSON,GA,248
ATLANTIC,NJ,4985
ATOKA,OK,665
ATTALA,MS,445
AUDRAIN,MO,611
AUDUBON,IA,610
AUGLAIZE,OH,1018
AUGUSTA,VA,936
AURORA,SD,357
AUSTIN,TX,842
AUTAUGA,AL,909
AVERY,NC,261
AVOYELLES,LA,967
BACA,CO,280
BACON,GA,383
BAILEY,TX,192
BAKER,FL,240
BAKER,GA,109
BAKER,OR,377
BALDWIN,AL,5563
BALDWIN,GA,1214
BALLARD,KY,183
BALTIMORE,MD,19410
BALTIMORE CITY,MD,13546
BAMBERG,SC,246
BANDERA,TX,338
BANKS,GA,273
BANNER,NE,123
BANNOCK,ID,1298
BARAGA,MI,105
BARBER,KS,349
BARBOUR,AL,735
BARBOUR,WV,160
BARCELONETA,PR,197
BARNES,ND,688
BARNSTABLE,MA,6743
BARNWELL,SC,351
BARRANQUITAS,PR,247
BARREN,KY,1368
BARRON,WI,1630
BARROW,GA,1523
BARRY,MI,810
BARRY,MO,1077
BARTHOLOMEW,IN,1176
BARTON,KS,1190
BARTON,MO,607
BARTOW,GA,2472
BASTROP,TX,1156
BATES,MO,639
BATH,KY,299
BATH,VA,63
BAXTER,AR,779
BAY,FL,4101
BAY,MI,1484
BAYAMON,PR,3088
BAYFIELD,WI,352
BAYLOR,TX,184
BEADLE,SD,1001
BEAR LAKE,ID,169
BEAUFORT,NC,762
BEAUFORT,SC,4362
BEAUREGARD,LA,458
BEAVER,OK,360
BEAVER,PA,2050
BEAVER,UT,181
BEAVERHEAD,MT,272
BECKER,MN,1214
BECKHAM,OK,1398
BEDFORD,PA,784
BEDFORD,TN,773
BEDFORD,VA,1067
BEE,TX,365
BELKNAP,NH,1323
BELL,KY,265
BELL,TX,5537
BELMONT,OH,786
BELTRAMI,MN,1122
BEN HILL,GA,535
BENEWAH,ID,99
BENNETT,SD,176
BENNINGTON,VT,805
BENSON,ND,302
BENT,CO,182
BENTON,AR,4665
BENTON,IA,1038
BENTON,IN,241
BENTON,MN,1052
BENTON,MO,618
BENTON,MS,285
BENTON,OR,1312
BENTON,TN,292
BENTON,WA,2746
BENZIE,MI,299
BERGEN,NJ,30722
BERKELEY,SC,3955
BERKELEY,WV,1207
BERKS,PA,6295
BERKSHIRE,MA,2885
BERNALILLO,NM,10020
BERRIEN,GA,423
BERRIEN,MI,3190
BERTIE,NC,299
BETHEL,AK,57
BEXAR,TX,32968
BIBB,AL,294
BIBB,GA,7116
BIENVILLE,LA,299
BIG HORN,MT,351
BIG HORN,WY,381
BIG STONE,MN,464
BILLINGS,ND,131
BINGHAM,ID,883
BLACK HAWK,IA,3065
BLACKFORD,IN,120
BLADEN,NC,417
BLAINE,ID,1287
BLAINE,MT,298
BLAINE,NE,71
BLAINE,OK,562
BLAIR,PA,1903
BLANCO,TX,297
BLAND,VA,84
BLECKLEY,GA,300
BLEDSOE,TN,291
BLOUNT,AL,691
BLOUNT,TN,1832
BLUE EARTH,MN,2076
BOISE,ID,113
BOLIVAR,MS,1387
BOLLINGER,MO,424
BON HOMME,SD,598
BOND,IL,483
BONNER,ID,946
BONNEVILLE,ID,2475
BOONE,AR,1082
BOONE,IA,746
BOONE,IL,835
BOONE,IN,1402
BOONE,KY,2001
BOONE,MO,3531
BOONE,NE,742
BOONE,WV,98
BORDEN,TX,18
BOSQUE,TX,380
BOSSIER,LA,3080
BOTETOURT,VA,490
BOTTINEAU,ND,682
BOULDER,CO,10200
BOUNDARY,ID,161
BOURBON,KS,547
BOURBON,KY,537
BOWIE,TX,1960
BOWMAN,ND,252
BOX BUTTE,NE,388
BOX ELDER,UT,1005
BOYD,KY,723
BOYD,NE,308
BOYLE,KY,644
BRACKEN,KY,247
BRADFORD,FL,273
BRADFORD,PA,922
BRADLEY,AR,294
BRADLEY,TN,1556
BRANCH,MI,688
BRANTLEY,GA,211
BRAXTON,WV,127
BRAZORIA,TX,7171
BRAZOS,TX,3625
BREATHITT,KY,134
BRECKINRIDGE,KY,542
BREMER,IA,1089
BREVARD,FL,10857
BREWSTER,TX,183
BRISCOE,TX,75
BRISTOL,MA,9824
BRISTOL,RI,1116
BRISTOL,VA,303
BRISTOL BAY,AK,57
BROADWATER,MT,126
BRONX,NY,33794
BROOKE,WV,179
BROOKINGS,SD,1199
BROOKS,GA,397
BROOKS,TX,87
BROOME,NY,3052
BROOMFIELD,CO,1374
BROWARD,FL,93700
BROWN,IL,205
BROWN,IN,249
BROWN,KS,598
BROWN,MN,1452
BROWN,NE,336
BROWN,OH,644
BROWN,SD,2031
BROWN,TX,932
BROWN,WI,5201
BRULE,SD,371
BRUNSWICK,NC,1720
BRUNSWICK,VA,226
BRYAN,GA,691
BRYAN,OK,1054
BUCHANAN,IA,960
BUCHANAN,MO,1457
BUCHANAN,VA,210
BUCKINGHAM,VA,148
BUCKS,PA,14911
BUENA VISTA,IA,1148
BUENA VISTA CITY,VA,45
BUFFALO,NE,2297
BUFFALO,SD,48
BUFFALO,WI,629
BULLITT,KY,830
BULLOCH,GA,1849
BULLOCK,AL,216
BUNCOMBE,NC,6027
BUREAU,IL,1068
BURKE,GA,627
BURKE,NC,795
BURKE,ND,175
BURLEIGH,ND,2723
BURLESON,TX,490
BURLINGTON,NJ,8310
BURNET,TX,1046
BURNETT,WI,330
BURT,NE,528
BUTLER,AL,448
BUTLER,IA,854
BUTLER,KS,1326
BUTLER,KY,449
BUTLER,MO,1299
BUTLER,NE,767
BUTLER,OH,5866
BUTLER,PA,3165
BUTTE,CA,3151
BUTTE,ID,64
BUTTE,SD,461
BUTTS,GA,901
CABARRUS,NC,3638
CABELL,WV,1350
CABO ROJO,PR,589
CACHE,UT,2186
CADDO,LA,9664
CADDO,OK,1172
CAGUAS,PR,2285
CALAVERAS,CA,642
CALCASIEU,LA,4354
CALDWELL,KY,277
CALDWELL,LA,304
CALDWELL,MO,344
CALDWELL,NC,722
CALDWELL,TX,487
CALEDONIA,VT,594
CALHOUN,AL,1837
CALHOUN,AR,78
CALHOUN,FL,176
CALHOUN,GA,207
CALHOUN,IA,791
CALHOUN,IL,143
CALHOUN,MI,1859
CALHOUN,MS,413
CALHOUN,SC,225
CALHOUN,TX,312
CALHOUN,WV,48
CALLAHAN,TX,299
CALLAWAY,MO,891
CALLOWAY,KY,1146
CALUMET,WI,762
CALVERT,MD,1233
CAMAS,ID,22
CAMBRIA,PA,1961
CAMDEN,GA,623
CAMDEN,MO,1292
CAMDEN,NC,89
CAMDEN,NJ,9978
CAMERON,LA,94
CAMERON,PA,54
CAMERON,TX,6232
CAMP,TX,229
CAMPBELL,KY,1255
CAMPBELL,SD,206
CAMPBELL,TN,687
CAMPBELL,VA,607
CAMPBELL,WY,1260
CAMUY,PR,309
CANADIAN,OK,2802
CANDLER,GA,334
CANNON,TN,169
CANOVANAS,PR,428
CANYON,ID,3166
CAPE GIRARDEAU,MO,2450
CAPE MAY,NJ,2800
CARBON,MT,392
CARBON,PA,706
CARBON,UT,331
CARBON,WY,301
CARIBOU,ID,123
CARLISLE,KY,160
CARLTON,MN,503
CAROLINA,PR,1996
CAROLINE,MD,555
CAROLINE,VA,319
CARROLL,AR,982
CARROLL,GA,2624
CARROLL,IA,1856
CARROLL,IL,650
CARROLL,IN,437
CARROLL,KY,168
CARROLL,MD,2786
CARROLL,MO,567
CARROLL,MS,252
CARROLL,NH,1266
CARROLL,OH,277
CARROLL,TN,484
CARROLL,VA,348
CARSON,TX,150
CARSON CITY,NV,1108
CARTER,KY,407
CARTER,MO,244
CARTER,MT,144
CARTER,OK,1546
CARTER,TN,459
CARTERET,NC,1146
CARVER,MN,2436
CASCADE,MT,1621
CASEY,KY,523
CASS,IA,717
CASS,IL,401
CASS,IN,603
CASS,MI,558
CASS,MN,723
CASS,MO,1881
CASS,ND,5482
CASS,NE,725
CASS,TX,481
CASSIA,ID,651
CASTRO,TX,375
CASWELL,NC,193
CATAHOULA,LA,325
CATANO,PR,250
CATAWBA,NC,2458
CATOOSA,GA,762
CATRON,NM,36
CATTARAUGUS,NY,940
CAVALIER,ND,459
CAYEY,PR,484
CAYUGA,NY,1205
CECIL,MD,1129
CEDAR,IA,845
CEDAR,MO,518
CEDAR,NE,1096
CEIBA,PR,100
CENTRE,PA,2156
CERRO GORDO,IA,1605
CHAFFEE,CO,582
CHAMBERS,AL,1018
CHAMBERS,TX,618
CHAMPAIGN,IL,5035
CHAMPAIGN,OH,587
CHARITON,MO,561
CHARLES,MD,2937
CHARLES CITY,VA,85
CHARLES MIX,SD,898
CHARLESTON,SC,13096
CHARLEVOIX,MI,545
CHARLOTTE,FL,3222
CHARLOTTE,VA,169
CHARLOTTESVILLE CITY,VA,1647
CHARLTON,GA,107
CHASE,KS,128
CHASE,NE,459
CHATHAM,GA,8884
CHATHAM,NC,1157
CHATTAHOOCHEE,GA,56
CHATTOOGA,GA,333
CHAUTAUQUA,KS,182
CHAUTAUQUA,NY,1689
CHAVES,NM,836
CHEATHAM,TN,589
CHEBOYGAN,MI,444
CHELAN,WA,1983
CHEMUNG,NY,1160
CHENANGO,NY,582
CHEROKEE,AL,315
CHEROKEE,GA,5425
CHEROKEE,IA,948
CHEROKEE,KS,426
CHEROKEE,NC,310
CHEROKEE,OK,1217
CHEROKEE,SC,654
CHEROKEE,TX,828
CHERRY,NE,645
CHESAPEAKE CITY,VA,3861
CHESHIRE,NH,1309
CHESTER,PA,10923
CHESTER,SC,556
CHESTER,TN,233
CHESTERFIELD,SC,584
CHESTERFIELD,VA,5889
CHEYENNE,CO,194
CHEYENNE,KS,287
CHEYENNE,NE,481
CHICKASAW,IA,1003
CHICKASAW,MS,692
CHICOT,AR,418
CHILDRESS,TX,193
CHILTON,AL,676
CHIPPEWA,MI,529
CHIPPEWA,MN,666
CHIPPEWA,WI,1576
CHISAGO,MN,997
CHITTENDEN,VT,4244
CHOCTAW,AL,297
CHOCTAW,MS,172
CHOCTAW,OK,622
CHOUTEAU,MT,326
CHOWAN,NC,188
CHRISTIAN,IL,974
CHRISTIAN,KY,1309
CHRISTIAN,MO,2407
CHURCHILL,NV,268
CIALES,PR,118
CIBOLA,NM,137
CIDRA,PR,385
CIMARRON,OK,287
CITRUS,FL,1991
CLACKAMAS,OR,8525
CLAIBORNE,LA,286
CLAIBORNE,MS,389
CLAIBORNE,TN,504
CLALLAM,WA,1304
CLARE,MI,327
CLARENDON,SC,697
CLARION,PA,485
CLARK,AR,425
CLARK,ID,12
CLARK,IL,521
CLARK,IN,1644
CLARK,KS,174
CLARK,KY,646
CLARK,MO,312
CLARK,NV,68730
CLARK,OH,1972
CLARK,SD,476
CLARK,WA,8311
CLARK,WI,933
CLARKE,AL,535
CLARKE,GA,3333
CLARKE,IA,359
CLARKE,MS,325
CLARKE,VA,298
CLATSOP,OR,1017
CLAY,AL,202
CLAY,AR,418
CLAY,FL,3245
CLAY,GA,109
CLAY,IA,928
CLAY,IL,529
CLAY,IN,508
CLAY,KS,543
CLAY,KY,147
CLAY,MN,1627
CLAY,MO,4292
CLAY,MS,1135
CLAY,NC,179
CLAY,NE,489
CLAY,SD,485
CLAY,TN,249
CLAY,TX,333
CLAY,WV,39
CLAYTON,GA,19765
CLAYTON,IA,1161
CLEAR CREEK,CO,240
CLEARFIELD,PA,983
CLEARWATER,ID,139
CLEARWATER,MN,373
CLEBURNE,AL,204
CLEBURNE,AR,568
CLERMONT,OH,2869
CLEVELAND,AR,133
CLEVELAND,NC,1235
CLEVELAND,OK,5468
CLINCH,GA,196
CLINTON,IA,1603
CLINTON,IL,1259
CLINTON,IN,489
CLINTON,KY,444
CLINTON,MI,1136
CLINTON,MO,388
CLINTON,NY,1063
CLINTON,OH,624
CLINTON,PA,408
CLOUD,KS,552
COAHOMA,MS,1171
COAL,OK,281
COAMO,PR,262
COBB,GA,30041
COCHISE,AZ,1220
COCHRAN,TX,67
COCKE,TN,266
COCONINO,AZ,2226
CODINGTON,SD,1276
COFFEE,AL,1021
COFFEE,GA,1695
COFFEE,TN,1089
COFFEY,KS,408
COKE,TX,58
COLBERT,AL,1037
COLE,MO,2375
COLEMAN,TX,267
COLES,IL,1239
COLFAX,NE,666
COLFAX,NM,183
COLLETON,SC,859
COLLIER,FL,11734
COLLIN,TX,26656
COLLINGSWORTH,TX,120
COLONIAL HEIGHTS CITY,VA,345
COLORADO,TX,610
COLQUITT,GA,1109
COLUMBIA,AR,571
COLUMBIA,FL,1066
COLUMBIA,GA,2719
COLUMBIA,NY,1366
COLUMBIA,OR,549
COLUMBIA,PA,922
COLUMBIA,WA,78
COLUMBIA,WI,1488
COLUMBIANA,OH,1304
COLUMBUS,NC,621
COLUSA,CA,312
COMAL,TX,3395
COMANCHE,KS,148
COMANCHE,OK,1934
COMANCHE,TX,376
COMERIO,PR,82
CONCHO,TX,117
CONCORDIA,LA,579
CONECUH,AL,313
CONEJOS,CO,198
CONTRA COSTA,CA,23584
CONVERSE,WY,501
CONWAY,AR,441
COOK,GA,420
COOK,IL,233199
COOK,MN,214
COOKE,TX,969
COOPER,MO,614
COOS,NH,468
COOS,OR,840
COOSA,AL,91
COPIAH,MS,658
COROZAL,PR,254
CORSON,SD,227
CORTLAND,NY,792
CORYELL,TX,804
COSHOCTON,OH,415
COSTILLA,CO,43
COTTLE,TX,58
COTTON,OK,189
COTTONWOOD,MN,834
COVINGTON,AL,940
COVINGTON,MS,679
COVINGTON CITY,VA,130
COWETA,GA,3486
COWLEY,KS,770
COWLITZ,WA,1216
CRAIG,OK,507
CRAIG,VA,81
CRAIGHEAD,AR,2929
CRANE,TX,80
CRAVEN,NC,1305
CRAWFORD,AR,835
CRAWFORD,GA,138
CRAWFORD,IA,1133
CRAWFORD,IL,481
CRAWFORD,IN,73
CRAWFORD,KS,1111
CRAWFORD,MI,142
CRAWFORD,MO,644
CRAWFORD,OH,812
CRAWFORD,PA,1290
CRAWFORD,WI,644
CREEK,OK,1254
CRENSHAW,AL,385
CRISP,GA,1010
CRITTENDEN,AR,1422
CRITTENDEN,KY,248
CROCKETT,TN,328
CROCKETT,TX,74
CROOK,OR,323
CROOK,WY,379
CROSBY,TX,146
CROSS,AR,532
CROW WING,MN,1704
CROWLEY,CO,94
CULBERSON,TX,33
CULEBRA,PR,44
CULLMAN,AL,1876
CULPEPER,VA,826
CUMBERLAND,IL,415
CUMBERLAND,KY,233
CUMBERLAND,ME,8866
CUMBERLAND,NC,5206
CUMBERLAND,NJ,2005
CUMBERLAND,PA,4349
CUMBERLAND,TN,1109
CUMBERLAND,VA,143
CUMING,NE,1263
CURRITUCK,NC,385
CURRY,NM,727
CURRY,OR,373
CUSTER,CO,104
CUSTER,ID,125
CUSTER,MT,388
CUSTER,NE,1178
CUSTER,OK,1322
CUSTER,SD,263
CUYAHOGA,OH,44955
DADE,GA,151
DADE,MO,382
DAGGETT,UT,21
DAKOTA,MN,8525
DAKOTA,NE,595
DALE,AL,969
DALLAM,TX,288
DALLAS,AL,1440
DALLAS,AR,134
DALLAS,IA,1965
DALLAS,MO,616
DALLAS,TX,77592
DANE,WI,12945
DANIELS,MT,163
DANVILLE CITY,VA,798
DARE,NC,1260
DARKE,OH,1351
DARLINGTON,SC,1145
DAUPHIN,PA,4924
DAVIDSON,NC,1956
DAVIDSON,TN,24072
DAVIE,NC,550
DAVIESS,IN,584
DAVIESS,KY,1763
DAVIESS,MO,417
DAVIS,IA,542
DAVIS,UT,5082
DAVISON,SD,908
DAWES,NE,471
DAWSON,GA,568
DAWSON,MT,413
DAWSON,NE,1167
DAWSON,TX,339
DAY,SD,609
DE BACA,NM,56
DE KALB,AL,1933
DE KALB,IN,740
DE SOTO,FL,473
DE SOTO,LA,725
DE WITT,TX,383
DEAF SMITH,TX,449
DEARBORN,IN,608
DECATUR,GA,915
DECATUR,IA,392
DECATUR,IN,567
DECATUR,KS,259
DECATUR,TN,302
DEER LODGE,MT,127
DEFIANCE,OH,704
DEKALB,GA,41956
DEKALB,IL,2564
DEKALB,MO,312
DEKALB,TN,448
DEL NORTE,CA,238
DELAWARE,IA,1328
DELAWARE,IN,1485
DELAWARE,NY,668
DELAWARE,OH,4137
DELAWARE,OK,919
DELAWARE,PA,14065
DELTA,CO,472
DELTA,MI,830
DELTA,TX,102
DENALI,AK,84
DENT,MO,460
DENTON,TX,18382
DENVER,CO,21235
DES MOINES,IA,1110
DESCHUTES,OR,5117
DESHA,AR,629
DESOTO,MS,5749
DEUEL,NE,129
DEUEL,SD,550
DEWEY,OK,539
DEWEY,SD,388
DEWITT,IL,348
DICKENS,TX,43
DICKENSON,VA,118
DICKEY,ND,430
DICKINSON,IA,1141
DICKINSON,KS,770
DICKINSON,MI,527
DICKSON,TN,915
DILLINGHAM,AK,89
DILLON,SC,463
DIMMIT,TX,97
DINWIDDIE,VA,301
DISTRICT OF COLUMBIA,DC,20791
DIVIDE,ND,228
DIXIE,FL,148
DIXON,NE,436
DODDRIDGE,WV,31
DODGE,GA,580
DODGE,MN,708
DODGE,NE,1294
DODGE,WI,1694
DOLORES,CO,77
DONA ANA,NM,2851
DONIPHAN,KS,422
DONLEY,TX,122
DOOLY,GA,467
DOOR,WI,1195
DORADO,PR,742
DORCHESTER,MD,732
DORCHESTER,SC,2953
DOUGHERTY,GA,4746
DOUGLAS,CO,7120
DOUGLAS,GA,6685
DOUGLAS,IL,513
DOUGLAS,KS,2518
DOUGLAS,MN,1547
DOUGLAS,MO,594
DOUGLAS,NE,13131
DOUGLAS,NV,1002
DOUGLAS,OR,1343
DOUGLAS,SD,424
DOUGLAS,WA,532
DOUGLAS,WI,637
DREW,AR,555
DUBOIS,IN,1078
DUBUQUE,IA,3434
DUCHESNE,UT,537
DUKES,MA,999
DUNDY,NE,197
DUNKLIN,MO,573
DUNN,ND,476
DUNN,WI,1091
DUPAGE,IL,29419
DUPLIN,NC,889
DURHAM,NC,6077
DUTCHESS,NY,5835
DUVAL,FL,24563
DUVAL,TX,160
DYER,TN,835
EAGLE,CO,2518
EARLY,GA,480
EAST BATON ROUGE,LA,17639
EAST CARROLL,LA,366
EAST FELICIANA,LA,485
EASTLAND,TX,418
EATON,MI,1818
EAU CLAIRE,WI,2093
ECHOLS,GA,32
ECTOR,TX,4129
EDDY,ND,232
EDDY,NM,1061
EDGAR,IL,541
EDGECOMBE,NC,793
EDGEFIELD,SC,349
EDMONSON,KY,290
EDMUNDS,SD,469
EDWARDS,IL,226
EDWARDS,KS,231
EDWARDS,TX,31
EFFINGHAM,GA,842
EFFINGHAM,IL,1726
EL DORADO,CA,3470
EL PASO,CO,11552
EL PASO,TX,10715
ELBERT,CO,441
ELBERT,GA,491
ELK,KS,164
ELK,PA,527
ELKHART,IN,3059
ELKO,NV,588
ELLIOTT,KY,112
ELLIS,KS,1314
ELLIS,OK,318
ELLIS,TX,3809
ELLSWORTH,KS,287
ELMORE,AL,1311
ELMORE,ID,249
EMANUEL,GA,735
EMERY,UT,225
EMMET,IA,546
EMMET,MI,978
EMMONS,ND,402
EMPORIA,VA,156
ERATH,TX,920
ERIE,NY,17749
ERIE,OH,1637
ERIE,PA,3951
ESCAMBIA,AL,859
ESCAMBIA,FL,6428
ESMERALDA,NV,7
ESSEX,MA,18862
ESSEX,NJ,21723
ESSEX,NY,664
ESSEX,VA,189
ESSEX,VT,73
ESTILL,KY,184
ETOWAH,AL,1799
EUREKA,NV,26
EVANGELINE,LA,574
EVANS,GA,238
FAIRBANKS NORTH STAR,AK,1794
FAIRFAX,VA,25801
FAIRFAX CITY,VA,1169
FAIRFIELD,CT,26773
FAIRFIELD,OH,2566
FAIRFIELD,SC,415
FAJARDO,PR,417
FALL RIVER,SD,229
FALLON,MT,218
FALLS,TX,400
FALLS CHURCH CITY,VA,692
FANNIN,GA,456
FANNIN,TX,534
FARIBAULT,MN,930
FAULK,SD,291
FAULKNER,AR,2337
FAUQUIER,VA,1395
FAYETTE,AL,253
FAYETTE,GA,4155
FAYETTE,IA,1072
FAYETTE,IL,794
FAYETTE,IN,257
FAYETTE,KY,7025
FAYETTE,OH,445
FAYETTE,PA,1658
FAYETTE,TN,1122
FAYETTE,TX,904
FAYETTE,WV,432
FENTRESS,TN,581
FERGUS,MT,650
FERRY,WA,51
FILLMORE,MN,1290
FILLMORE,NE,664
FINNEY,KS,1355
FISHER,TX,207
FLAGLER,FL,1936
FLATHEAD,MT,2494
FLEMING,KY,665
FLORENCE,SC,3654
FLORENCE,WI,66
FLORIDA,PR,119
FLOYD,GA,2346
FLOYD,IA,908
FLOYD,IN,1162
FLOYD,KY,485
FLOYD,TX,193
FLOYD,VA,252
FLUVANNA,VA,275
FOARD,TX,67
FOND DU LAC,WI,1886
FORD,IL,537
FORD,KS,1059
FOREST,PA,42
FOREST,WI,235
FORREST,MS,2249
FORSYTH,GA,5185
FORSYTH,NC,6475
FORT BEND,TX,23360
FOSTER,ND,326
FOUNTAIN,IN,346
FRANKLIN,AL,546
FRANKLIN,AR,353
FRANKLIN,FL,259
FRANKLIN,GA,482
FRANKLIN,IA,707
FRANKLIN,ID,276
FRANKLIN,IL,660
FRANKLIN,IN,584
FRANKLIN,KS,678
FRANKLIN,KY,832
FRANKLIN,LA,800
FRANKLIN,MA,1132
FRANKLIN,ME,574
FRANKLIN,MO,2333
FRANKLIN,MS,190
FRANKLIN,NC,746
FRANKLIN,NE,362
FRANKLIN,NY,586
FRANKLIN,OH,33000
FRANKLIN,PA,2147
FRANKLIN,TN,769
FRANKLIN,TX,209
FRANKLIN,VA,613
FRANKLIN,VT,817
FRANKLIN,WA,1203
FRANKLIN CITY,VA,154
FREDERICK,MD,4542
FREDERICK,VA,1032
FREDERICKSBURG CITY,VA,877
FREEBORN,MN,1032
FREESTONE,TX,492
FREMONT,CO,573
FREMONT,IA,312
FREMONT,ID,288
FREMONT,WY,1214
FRESNO,CA,15314
FRIO,TX,175
FRONTIER,NE,295
FULTON,AR,364
FULTON,GA,67821
FULTON,IL,941
FULTON,IN,437
FULTON,KY,141
FULTON,NY,591
FULTON,OH,906
FULTON,PA,190
FURNAS,NE,480
GADSDEN,FL,982
GAGE,NE,1241
GAINES,TX,1090
GALAX CITY,VA,189
GALLATIN,IL,161
GALLATIN,KY,66
GALLATIN,MT,4159
GALLIA,OH,432
GALVESTON,TX,6179
GARDEN,NE,180
GARFIELD,CO,1858
GARFIELD,MT,140
GARFIELD,NE,247
GARFIELD,OK,1800
GARFIELD,UT,219
GARFIELD,WA,33
GARLAND,AR,2236
GARRARD,KY,497
GARRETT,MD,791
GARVIN,OK,1201
GARZA,TX,66
GASCONADE,MO,599
GASTON,NC,2806
GATES,NC,103
GEARY,KS,468
GEAUGA,OH,1969
GEM,ID,242
GENESEE,MI,7402
GENESEE,NY,879
GENEVA,AL,630
GENTRY,MO,478
GEORGE,MS,298
GEORGETOWN,SC,1586
GIBSON,IN,469
GIBSON,TN,1080
GILA,AZ,507
GILCHRIST,FL,199
GILES,TN,531
GILES,VA,176
GILLESPIE,TX,815
GILLIAM,OR,71
GILMER,GA,438
GILMER,WV,77
GILPIN,CO,100
GLACIER,MT,296
GLADES,FL,101
GLADWIN,MI,249
GLASCOCK,GA,43
GLASSCOCK,TX,93
GLENN,CA,386
GLOUCESTER,NJ,4470
GLOUCESTER,VA,503
GLYNN,GA,2102
GOGEBIC,MI,222
GOLDEN VALLEY,MT,34
GOLDEN VALLEY,ND,152
GOLIAD,TX,111
GONZALES,TX,542
GOOCHLAND,VA,379
GOODHUE,MN,1644
GOODING,ID,287
GORDON,GA,874
GOSHEN,WY,507
GOSPER,NE,173
GOVE,KS,404
GRADY,GA,641
GRADY,OK,1234
GRAFTON,NH,1942
GRAHAM,AZ,266
GRAHAM,KS,221
GRAHAM,NC,99
GRAINGER,TN,292
GRAND,CO,517
GRAND,UT,385
GRAND FORKS,ND,1838
GRAND ISLE,VT,135
GRAND TRAVERSE,MI,2533
GRANITE,MT,93
GRANT,AR,226
GRANT,IN,1034
GRANT,KS,302
GRANT,KY,324
GRANT,LA,179
GRANT,MN,402
GRANT,ND,384
GRANT,NE,80
GRANT,NM,283
GRANT,OK,302
GRANT,OR,160
GRANT,SD,565
GRANT,WA,1474
GRANT,WI,1983
GRANT,WV,205
GRANVILLE,NC,649
GRATIOT,MI,834
GRAVES,KY,795
GRAY,KS,450
GRAY,TX,387
GRAYS HARBOR,WA,935
GRAYSON,KY,628
GRAYSON,TX,2306
GRAYSON,VA,275
GREELEY,KS,213
GREELEY,NE,388
GREEN,KY,492
GREEN,WI,1128
GREEN LAKE,WI,456
GREENBRIER,WV,618
GREENE,AL,422
GREENE,AR,946
GREENE,GA,508
GREENE,IA,567
GREENE,IL,481
GREENE,IN,374
GREENE,MO,7277
GREENE,MS,288
GREENE,NC,266
GREENE,NY,888
GREENE,OH,1950
GREENE,PA,326
GREENE,TN,874
GREENE,VA,252
GREENLEE,AZ,34
GREENSVILLE,VA,162
GREENUP,KY,423
GREENVILLE,SC,11476
GREENWOOD,KS,301
GREENWOOD,SC,1356
GREER,OK,323
GREGG,TX,2836
GREGORY,SD,544
GRENADA,MS,809
GRIGGS,ND,225
GRIMES,TX,523
GRUNDY,IA,642
GRUNDY,IL,1081
GRUNDY,MO,343
GRUNDY,TN,363
GUADALUPE,NM,64
GUADALUPE,TX,2044
GUAM,GU,2410
GUANICA,PR,73
GUAYAMA,PR,281
GUAYANILLA,PR,132
GUAYNABO,PR,2998
GUERNSEY,OH,423
GUILFORD,NC,12313
GULF,FL,286
GUNNISON,CO,764
GURABO,PR,508
GUTHRIE,IA,768
GWINNETT,GA,39416
HAAKON,SD,281
HABERSHAM,GA,584
HAINES,AK,120
HALE,AL,675
HALE,TX,661
HALIFAX,NC,686
HALIFAX,VA,409
HALL,GA,3803
HALL,NE,2047
HALL,TX,100
HAMBLEN,TN,750
HAMILTON,FL,154
HAMILTON,IA,604
HAMILTON,IL,339
HAMILTON,IN,7639
HAMILTON,KS,215
HAMILTON,NE,709
HAMILTON,NY,94
HAMILTON,OH,21122
HAMILTON,TN,8060
HAMILTON,TX,299
HAMLIN,SD,459
HAMPDEN,MA,7326
HAMPSHIRE,MA,2915
HAMPSHIRE,WV,324
HAMPTON,SC,396
HAMPTON CITY,VA,2079
HANCOCK,GA,206
HANCOCK,IA,761
HANCOCK,IL,917
HANCOCK,IN,1175
HANCOCK,KY,149
HANCOCK,ME,2653
HANCOCK,MS,815
HANCOCK,OH,1443
HANCOCK,TN,105
HANCOCK,WV,323
HAND,SD,492
HANOVER,VA,2161
HANSFORD,TX,209
HANSON,SD,329
HARALSON,GA,353
HARDEE,FL,318
HARDEMAN,TN,619
HARDEMAN,TX,127
HARDIN,IA,945
HARDIN,IL,47
HARDIN,KY,1855
HARDIN,OH,469
HARDIN,TN,553
HARDIN,TX,637
HARDING,NM,8
HARDING,SD,227
HARDY,WV,264
HARFORD,MD,4272
HARLAN,KY,198
HARLAN,NE,341
HARMON,OK,203
HARNETT,NC,1426
HARNEY,OR,165
HARPER,KS,343
HARPER,OK,351
HARRIS,GA,611
HARRIS,TX,140884
HARRISON,IA,911
HARRISON,IN,473
HARRISON,KY,496
HARRISON,MO,502
HARRISON,MS,5220
HARRISON,OH,124
HARRISON,TX,1114
HARRISON,WV,1154
HARRISONBURG CITY,VA,1066
HART,GA,511
HART,KY,649
HARTFORD,CT,19115
HARTLEY,TX,165
HARVEY,KS,834
HASKELL,KS,259
HASKELL,OK,574
HASKELL,TX,270
HATILLO,PR,467
HAWAII,HI,3818
HAWKINS,TN,443
HAYES,NE,127
HAYS,TX,3758
HAYWOOD,NC,797
HAYWOOD,TN,487
HEARD,GA,126
HEMPHILL,TX,183
HEMPSTEAD,AR,559
HENDERSON,IL,288
HENDERSON,KY,803
HENDERSON,NC,1748
HENDERSON,TN,634
HENDERSON,TX,1194
HENDRICKS,IN,2998
HENDRY,FL,762
HENNEPIN,MN,35601
HENRICO,VA,7399
HENRY,AL,485
HENRY,GA,12076
HENRY,IA,732
HENRY,IL,1408
HENRY,IN,623
HENRY,KY,346
HENRY,MO,794
HENRY,OH,729
HENRY,TN,744
HENRY,VA,457
HERKIMER,NY,706
HERNANDO,FL,2806
HERTFORD,NC,362
HETTINGER,ND,255
HICKMAN,KY,142
HICKMAN,TN,278
HICKORY,MO,355
HIDALGO,NM,48
HIDALGO,TX,13710
HIGHLAND,OH,646
HIGHLAND,VA,41
HIGHLANDS,FL,1668
HILL,MT,416
HILL,TX,693
HILLSBOROUGH,FL,45524
HILLSBOROUGH,NH,8034
HILLSDALE,MI,666
HINDS,MS,8864
HINSDALE,CO,34
HITCHCOCK,NE,211
HOCKING,OH,329
HOCKLEY,TX,472
HODGEMAN,KS,241
HOKE,NC,556
HOLMES,FL,412
HOLMES,MS,658
HOLMES,OH,727
HOLT,MO,246
HOLT,NE,1456
HONOLULU,HI,20333
HOOD,TX,1075
HOOD RIVER,OR,887
HOOKER,NE,101
HOONAH ANGOON,AK,61
HOPEWELL CITY,VA,407
HOPKINS,KY,881
HOPKINS,TX,897
HORMIGUEROS,PR,183
HORRY,SC,7446
HOT SPRING,AR,389
HOT SPRINGS,WY,167
HOUGHTON,MI,476
HOUSTON,AL,3119
HOUSTON,GA,4269
HOUSTON,MN,725
HOUSTON,TN,189
HOUSTON,TX,492
HOWARD,AR,384
HOWARD,IA,693
HOWARD,IN,1404
HOWARD,MD,8146
HOWARD,MO,536
HOWARD,NE,546
HOWARD,TX,440
HOWELL,MO,1424
HUBBARD,MN,622
HUDSON,NJ,14680
HUDSPETH,TX,49
HUERFANO,CO,96
HUGHES,OK,428
HUGHES,SD,680
HUMACAO,PR,683
HUMBOLDT,CA,2088
HUMBOLDT,IA,636
HUMBOLDT,NV,219
HUMPHREYS,MS,321
HUMPHREYS,TN,332
HUNT,TX,1238
HUNTERDON,NJ,2908
HUNTINGDON,PA,473
HUNTINGTON,IN,749
HURON,MI,1351
HURON,OH,1025
HUTCHINSON,SD,825
HUTCHINSON,TX,301
HYDE,NC,115
HYDE,SD,153
IBERIA,LA,2627
IBERVILLE,LA,1219
IDA,IA,657
IDAHO,ID,382
IMPERIAL,CA,1608
INDEPENDENCE,AR,777
INDIAN RIVER,FL,3478
INDIANA,PA,1105
INGHAM,MI,5273
INYO,CA,285
IONIA,MI,675
IOSCO,MI,317
IOWA,IA,815
IOWA,WI,981
IREDELL,NC,3231
IRION,TX,53
IRON,MI,198
IRON,MO,175
IRON,UT,932
IRON,WI,138
IROQUOIS,IL,1360
IRWIN,GA,362
ISABELA,PR,415
ISABELLA,MI,1116
ISANTI,MN,688
ISLAND,WA,1179
ISLE OF WIGHT,VA,484
ISSAQUENA,MS,19
ITASCA,MN,945
ITAWAMBA,MS,476
IZARD,AR,304
JACK,TX,290
JACKSON,AL,959
JACKSON,AR,312
JACKSON,CO,38
JACKSON,FL,822
JACKSON,GA,1279
JACKSON,IA,1103
JACKSON,IL,1284
JACKSON,IN,688
JACKSON,KS,708
JACKSON,KY,230
JACKSON,LA,227
JACKSON,MI,2084
JACKSON,MN,813
JACKSON,MO,15947
JACKSON,MS,3003
JACKSON,NC,563
JACKSON,OH,389
JACKSON,OK,912
JACKSON,OR,4385
JACKSON,SD,312
JACKSON,TN,182
JACKSON,TX,281
JACKSON,WI,478
JACKSON,WV,340
JAMES CITY,VA,1430
JASPER,GA,330
JASPER,IA,1092
JASPER,IL,737
JASPER,IN,677
JASPER,MO,2586
JASPER,MS,363
JASPER,SC,602
JASPER,TX,474
JAY,IN,449
JAYUYA,PR,107
JEFF DAVIS,GA,338
JEFF DAVIS,TX,47
JEFFERSON,AL,19448
JEFFERSON,AR,1817
JEFFERSON,CO,12653
JEFFERSON,FL,254
JEFFERSON,GA,407
JEFFERSON,IA,803
JEFFERSON,ID,669
JEFFERSON,IL,1241
JEFFERSON,IN,482
JEFFERSON,KS,511
JEFFERSON,KY,15789
JEFFERSON,LA,16407
JEFFERSON,MO,2858
JEFFERSON,MS,200
JEFFERSON,MT,224
JEFFERSON,NE,481
JEFFERSON,NY,1903
JEFFERSON,OH,685
JEFFERSON,OK,221
JEFFERSON,OR,304
JEFFERSON,PA,605
JEFFERSON,TN,578
JEFFERSON,TX,5640
JEFFERSON,WA,621
JEFFERSON,WI,1496
JEFFERSON,WV,721
JEFFERSON DAVIS,LA,605
JEFFERSON DAVIS,MS,276
JENKINS,GA,198
JENNINGS,IN,287
JERAULD,SD,305
JEROME,ID,418
JERSEY,IL,612
JESSAMINE,KY,1073
JEWELL,KS,324
JIM HOGG,TX,53
JIM WELLS,TX,666
JO DAVIESS,IL,1054
JOHNSON,AR,362
JOHNSON,GA,320
JOHNSON,IA,3428
JOHNSON,IL,286
JOHNSON,IN,2538
JOHNSON,KS,14809
JOHNSON,KY,180
JOHNSON,MO,1154
JOHNSON,NE,233
JOHNSON,TN,230
JOHNSON,TX,2713
JOHNSON,WY,466
JOHNSTON,NC,2588
JOHNSTON,OK,279
JONES,GA,497
JONES,IA,995
JONES,MS,1511
JONES,NC,133
JONES,SD,163
JONES,TX,385
JOSEPHINE,OR,1214
JUAB,UT,195
JUANA DIAZ,PR,285
JUDITH BASIN,MT,211
JUNCOS,PR,272
JUNEAU,AK,812
JUNEAU,WI,626
JUNIATA,PA,298
KALAMAZOO,MI,5047
KALKASKA,MI,202
KANABEC,MN,321
KANAWHA,WV,2995
KANDIYOHI,MN,1616
KANE,IL,12072
KANE,UT,231
KANKAKEE,IL,2562
KARNES,TX,194
KAUAI,HI,1972
KAUFMAN,TX,2626
KAY,OK,1215
KEARNEY,NE,408
KEARNY,KS,241
KEITH,NE,485
KEMPER,MS,250
KENAI PENINSULA,AK,1779
KENDALL,IL,3022
KENDALL,TX,1270
KENEDY,TX,5
KENNEBEC,ME,1940
KENOSHA,WI,2706
KENT,DE,2708
KENT,MD,473
KENT,MI,13061
KENT,RI,3700
KENT,TX,28
KENTON,KY,2358
KEOKUK,IA,772
KERN,CA,11355
KERR,TX,1045
KERSHAW,SC,1144
KETCHIKAN GATEWAY,AK,539
KEWAUNEE,WI,576
KEWEENAW,MI,41
KEYA PAHA,NE,179
KIDDER,ND,308
KIMBALL,NE,193
KIMBLE,TX,135
KING,TX,3
KING,WA,52876
KING AND QUEEN,VA,72
KING GEORGE,VA,236
KING WILLIAM,VA,213
KINGFISHER,OK,1030
KINGMAN,KS,454
KINGS,CA,1223
KINGS,NY,74450
KINGSBURY,SD,557
KINNEY,TX,26
KIOWA,CO,155
KIOWA,KS,201
KIOWA,OK,519
KIT CARSON,CO,586
KITSAP,WA,3627
KITTITAS,WA,815
KITTSON,MN,385
KLAMATH,OR,999
KLEBERG,TX,367
KLICKITAT,WA,377
KNOTT,KY,91
KNOX,IL,1247
KNOX,IN,752
KNOX,KY,362
KNOX,ME,1723
KNOX,MO,346
KNOX,NE,1045
KNOX,OH,798
KNOX,TN,9349
KNOX,TX,150
KODIAK ISLAND,AK,610
KOOCHICHING,MN,261
KOOTENAI,ID,3375
KOSCIUSKO,IN,1190
KOSSUTH,IA,1602
Kusilvak,AK,3
LA CROSSE,WI,2545
LA PAZ,AZ,144
LA PLATA,CO,1841
LA PORTE,IN,2110
LA SALLE,IL,2400
LA SALLE,LA,341
LA SALLE,TX,45
LABETTE,KS,659
LAC QUI PARLE,MN,770
LACKAWANNA,PA,4293
LACLEDE,MO,1211
LAFAYETTE,AR,159
LAFAYETTE,FL,101
LAFAYETTE,LA,9221
LAFAYETTE,MO,964
LAFAYETTE,MS,1745
LAFAYETTE,WI,879
LAFOURCHE,LA,3600
LAGRANGE,IN,384
LAJAS,PR,174
LAKE,CA,683
LAKE,CO,112
LAKE,FL,7510
LAKE,IL,17341
LAKE,IN,15429
LAKE,MI,106
LAKE,MN,181
LAKE,MT,746
LAKE,OH,4385
LAKE,OR,149
LAKE,SD,670
LAKE,TN,78
LAKE AND PENINSULA,AK,37
LAKE OF THE WOODS,MN,144
LAMAR,AL,254
LAMAR,GA,570
LAMAR,MS,1652
LAMAR,TX,1113
LAMB,TX,328
LAMOILLE,VT,745
LAMOURE,ND,536
LAMPASAS,TX,359
LANCASTER,NE,7171
LANCASTER,PA,8678
LANCASTER,SC,1253
LANCASTER,VA,358
LANDER,NV,49
LANE,KS,193
LANE,OR,6214
LANGLADE,WI,426
LANIER,GA,170
LAPEER,MI,1251
LARAMIE,WY,2159
LARES,PR,205
LARIMER,CO,8041
LARUE,KY,424
LAS ANIMAS,CO,266
LAS MARIAS,PR,42
LAS PIEDRAS,PR,266
LASSEN,CA,245
LATAH,ID,684
LATIMER,OK,284
LAUDERDALE,AL,2049
LAUDERDALE,MS,1849
LAUDERDALE,TN,422
LAUREL,KY,1079
LAURENS,GA,1878
LAURENS,SC,833
LAVACA,TX,732
LAWRENCE,AL,543
LAWRENCE,AR,435
LAWRENCE,IL,354
LAWRENCE,IN,579
LAWRENCE,KY,128
LAWRENCE,MO,1277
LAWRENCE,MS,299
LAWRENCE,OH,576
LAWRENCE,PA,1288
LAWRENCE,SD,902
LAWRENCE,TN,846
LE FLORE,OK,1295
LE SUEUR,MN,896
LEA,NM,1436
LEAKE,MS,473
LEAVENWORTH,KS,1192
LEBANON,PA,1641
LEE,AL,3122
LEE,AR,293
LEE,FL,18475
LEE,GA,807
LEE,IA,1120
LEE,IL,960
LEE,KY,81
LEE,MS,3250
LEE,NC,781
LEE,SC,375
LEE,TX,558
LEE,VA,314
LEELANAU,MI,551
LEFLORE,MS,1260
LEHIGH,PA,6436
LEMHI,ID,181
LENAWEE,MI,1310
LENOIR,NC,864
LEON,FL,7803
LEON,TX,470
LESLIE,KY,39
LETCHER,KY,173
LEVY,FL,723
LEWIS,ID,127
LEWIS,KY,335
LEWIS,MO,444
LEWIS,NY,294
LEWIS,TN,209
LEWIS,WA,965
LEWIS,WV,227
LEWIS AND CLARK,MT,1640
LEXINGTON,SC,5436
LEXINGTON CITY,VA,223
LIBERTY,FL,88
LIBERTY,GA,1222
LIBERTY,MT,131
LIBERTY,TX,1085
LICKING,OH,2358
LIMESTONE,AL,1486
LIMESTONE,TX,613
LINCOLN,AR,310
LINCOLN,CO,231
LINCOLN,GA,172
LINCOLN,ID,92
LINCOLN,KS,341
LINCOLN,KY,464
LINCOLN,LA,1354
LINCOLN,ME,1125
LINCOLN,MN,624
LINCOLN,MO,1048
LINCOLN,MS,1129
LINCOLN,MT,395
LINCOLN,NC,1113
LINCOLN,NE,1415
LINCOLN,NM,411
LINCOLN,NV,48
LINCOLN,OK,1029
LINCOLN,OR,1015
LINCOLN,SD,2246
LINCOLN,TN,800
LINCOLN,WA,246
LINCOLN,WI,522
LINCOLN,WV,72
LINCOLN,WY,422
LINN,IA,5342
LINN,KS,397
LINN,MO,629
LINN,OR,1564
LIPSCOMB,TX,190
LITCHFIELD,CT,4356
LITTLE RIVER,AR,226
LIVE OAK,TX,324
LIVINGSTON,IL,1296
LIVINGSTON,KY,174
LIVINGSTON,LA,2249
LIVINGSTON,MI,3020
LIVINGSTON,MO,497
LIVINGSTON,NY,843
LLANO,TX,364
LOGAN,AR,505
LOGAN,CO,786
LOGAN,IL,686
LOGAN,KS,293
LOGAN,KY,675
LOGAN,ND,282
LOGAN,NE,87
LOGAN,OH,726
LOGAN,OK,911
LOGAN,WV,338
LOIZA,PR,69
LONG,GA,185
LONOKE,AR,1043
LORAIN,OH,5005
LOS ALAMOS,NM,206
LOS ANGELES,CA,300032
LOUDON,TN,774
LOUDOUN,VA,8903
LOUISA,IA,444
LOUISA,VA,360
LOUP,NE,96
LOVE,OK,257
LOWNDES,AL,278
LOWNDES,GA,3327
LOWNDES,MS,2260
LUBBOCK,TX,6320
LUCAS,IA,345
LUCAS,OH,11801
LUCE,MI,60
LUMPKIN,GA,351
LUNA,NM,386
LUNENBURG,VA,135
LUQUILLO,PR,198
LUZERNE,PA,5180
LYCOMING,PA,1794
LYMAN,SD,374
LYNCHBURG CITY,VA,1466
LYNN,TX,138
LYON,IA,1066
LYON,KS,860
LYON,KY,143
LYON,MN,1524
LYON,NV,485
MACKINAC,MI,292
MACOMB,MI,17819
MACON,AL,389
MACON,GA,359
MACON,IL,2602
MACON,MO,589
MACON,NC,616
MACON,TN,724
MACOUPIN,IL,1267
MADERA,CA,1629
MADISON,AL,8165
MADISON,AR,432
MADISON,FL,282
MADISON,GA,415
MADISON,IA,719
MADISON,ID,729
MADISON,IL,5298
MADISON,IN,1592
MADISON,KY,1491
MADISON,LA,453
MADISON,MO,366
MADISON,MS,4907
MADISON,MT,282
MADISON,NC,181
MADISON,NE,1876
MADISON,NY,894
MADISON,OH,716
MADISON,TN,2445
MADISON,TX,292
MADISON,VA,198
MAGOFFIN,KY,114
MAHASKA,IA,801
MAHNOMEN,MN,162
MAHONING,OH,5844
MAJOR,OK,656
MALHEUR,OR,670
MANASSAS CITY,VA,1029
MANASSAS PARK CITY,VA,197
MANATEE,FL,8187
MANATI,PR,559
MANISTEE,MI,303
MANITOWOC,WI,1430
MARATHON,WI,2661
MARENGO,AL,620
MARICAO,PR,21
MARICOPA,AZ,86583
MARIES,MO,517
MARIN,CA,9588
MARINETTE,WI,737
MARION,AL,515
MARION,AR,294
MARION,FL,6551
MARION,GA,169
MARION,IA,986
MARION,IL,1015
MARION,IN,25308
MARION,KS,616
MARION,KY,838
MARION,MO,740
MARION,MS,816
MARION,OH,825
MARION,OR,5229
MARION,SC,503
MARION,TN,436
MARION,TX,149
MARION,WV,705
MARIPOSA,CA,158
MARLBORO,SC,339
MARQUETTE,MI,1101
MARQUETTE,WI,247
MARSHALL,AL,1869
MARSHALL,IA,929
MARSHALL,IL,365
MARSHALL,IN,842
MARSHALL,KS,1047
MARSHALL,KY,555
MARSHALL,MN,780
MARSHALL,MS,1651
MARSHALL,OK,313
MARSHALL,SD,443
MARSHALL,TN,488
MARSHALL,WV,221
MARTIN,FL,4209
MARTIN,IN,138
MARTIN,KY,63
MARTIN,MN,1185
MARTIN,NC,363
MARTIN,TX,90
MARTINSVILLE CITY,VA,235
MASON,IL,461
MASON,KY,483
MASON,MI,568
MASON,TX,262
MASON,WA,555
MASON,WV,187
MASSAC,IL,313
MATAGORDA,TX,677
MATANUSKA SUSITNA,AK,1645
MATHEWS,VA,148
MAUI,HI,4478
MAUNABO,PR,44
MAURY,TN,1701
MAVERICK,TX,616
MAYAGUEZ,PR,1215
MAYES,OK,764
MCCLAIN,OK,1037
MCCONE,MT,194
MCCOOK,SD,459
MCCORMICK,SC,105
MCCRACKEN,KY,1591
MCCREARY,KY,169
MCCULLOCH,TX,397
MCCURTAIN,OK,1032
MCDONALD,MO,473
MCDONOUGH,IL,882
MCDOWELL,NC,490
MCDOWELL,WV,104
MCDUFFIE,GA,437
MCHENRY,IL,6435
MCHENRY,ND,563
MCINTOSH,GA,265
MCINTOSH,ND,326
MCINTOSH,OK,707
MCKEAN,PA,524
MCKENZIE,ND,586
MCKINLEY,NM,487
MCLEAN,IL,4112
MCLEAN,KY,268
MCLEAN,ND,652
MCLENNAN,TX,4454
MCLEOD,MN,1201
MCMINN,TN,745
MCMULLEN,TX,21
MCNAIRY,TN,439
MCPHERSON,KS,1207
MCPHERSON,NE,63
MCPHERSON,SD,259
MEADE,KS,281
MEADE,KY,493
MEADE,SD,966
MEAGHER,MT,71
MECKLENBURG,NC,30474
MECKLENBURG,VA,510
MECOSTA,MI,408
MEDINA,OH,3024
MEDINA,TX,746
MEEKER,MN,868
MEIGS,OH,277
MEIGS,TN,132
MELLETTE,SD,162
MENARD,IL,323
MENARD,TX,63
MENDOCINO,CA,1444
MENIFEE,KY,153
MENOMINEE,MI,436
MENOMINEE,WI,17
MERCED,CA,2748
MERCER,IL,626
MERCER,KY,482
MERCER,MO,238
MERCER,ND,338
MERCER,NJ,8106
MERCER,OH,1665
MERCER,PA,1773
MERCER,WV,794
MERIWETHER,GA,725
MERRICK,NE,639
MERRIMACK,NH,2994
MESA,CO,3069
METCALFE,KY,381
MIAMI,IN,444
MIAMI,KS,762
MIAMI,OH,1742
MIAMI-DADE,FL,152811
MIDDLESEX,CT,3709
MIDDLESEX,MA,36631
MIDDLESEX,NJ,18533
MIDDLESEX,VA,216
MIDLAND,MI,1133
MIDLAND,TX,4799
MIFFLIN,PA,579
MILAM,TX,604
MILLARD,UT,256
MILLE LACS,MN,660
MILLER,AR,814
MILLER,GA,206
MILLER,MO,994
MILLS,IA,366
MILLS,TX,296
MILWAUKEE,WI,22435
MINER,SD,314
MINERAL,CO,42
MINERAL,MT,85
MINERAL,NV,28
MINERAL,WV,334
MINGO,WV,239
MINIDOKA,ID,414
MINNEHAHA,SD,5853
MISSAUKEE,MI,209
MISSISSIPPI,AR,1350
MISSISSIPPI,MO,369
MISSOULA,MT,3341
MITCHELL,GA,1062
MITCHELL,IA,797
MITCHELL,KS,538
MITCHELL,NC,178
MITCHELL,TX,100
MOBILE,AL,14136
MOCA,PR,373
MODOC,CA,147
MOFFAT,CO,214
MOHAVE,AZ,2238
MONITEAU,MO,671
MONMOUTH,NJ,16473
MONO,CA,420
MONONA,IA,618
MONONGALIA,WV,1729
MONROE,AL,568
MONROE,AR,282
MONROE,FL,4222
MONROE,GA,781
MONROE,IA,441
MONROE,IL,910
MONROE,IN,2054
MONROE,KY,517
MONROE,MI,1723
MONROE,MO,439
MONROE,MS,1350
MONROE,NY,14756
MONROE,OH,107
MONROE,PA,2620
MONROE,TN,884
MONROE,WI,1041
MONROE,WV,203
MONTAGUE,TX,446
MONTCALM,MI,725
MONTEREY,CA,6188
MONTEZUMA,CO,653
MONTGOMERY,AL,6762
MONTGOMERY,AR,198
MONTGOMERY,GA,178
MONTGOMERY,IA,489
MONTGOMERY,IL,921
MONTGOMERY,IN,691
MONTGOMERY,KS,653
MONTGOMERY,KY,582
MONTGOMERY,MD,26284
MONTGOMERY,MO,466
MONTGOMERY,MS,345
MONTGOMERY,NC,327
MONTGOMERY,NY,672
MONTGOMERY,OH,11354
MONTGOMERY,PA,20293
MONTGOMERY,TN,3639
MONTGOMERY,TX,12211
MONTGOMERY,VA,1176
MONTMORENCY,MI,92
MONTOUR,PA,225
MONTROSE,CO,893
MOODY,SD,371
MOORE,NC,1489
MOORE,TN,123
MOORE,TX,388
MORA,NM,32
MOREHOUSE,LA,627
MORGAN,AL,2533
MORGAN,CO,806
MORGAN,GA,630
MORGAN,IL,980
MORGAN,IN,891
MORGAN,KY,271
MORGAN,MO,644
MORGAN,OH,141
MORGAN,TN,208
MORGAN,UT,224
MORGAN,WV,236
MOROVIS,PR,258
MORRILL,NE,237
MORRIS,KS,345
MORRIS,NJ,12835
MORRIS,TX,245
MORRISON,MN,1341
MORROW,OH,397
MORROW,OR,172
MORTON,KS,145
MORTON,ND,1228
MOTLEY,TX,44
MOULTRIE,IL,348
MOUNTRAIL,ND,549
MOWER,MN,1217
MUHLENBERG,KY,544
MULTNOMAH,OR,21199
MURRAY,GA,332
MURRAY,MN,880
MURRAY,OK,396
MUSCATINE,IA,1029
MUSCOGEE,GA,7003
MUSKEGON,MI,2280
MUSKINGUM,OH,1243
MUSKOGEE,OK,1655
MUSSELSHELL,MT,143
"NACOGDOCHES",TX,1245
"NAGUABO",PR,146
"NANCE",NE,271
"NANTUCKET",MA,932
"NAPA",CA,3588
"NARANJITO",PR,326
"NASH",NC,1475
"NASSAU",FL,1484
"NASSAU",NY,45053
"NATCHITOCHES",LA,842
"NATRONA",WY,2141
"NAVAJO",AZ,759
"NAVARRO",TX,999
NELSON,KY,1031
NELSON,ND,260
NELSON,VA,252
NEMAHA,KS,1000
NEMAHA,NE,417
NEOSHO,KS,567
NESHOBA,MS,634
NESS,KS,399
NEVADA,AR,186
NEVADA,CA,2248
NEW CASTLE,DE,12588
NEW HANOVER,NC,5423
NEW HAVEN,CT,18738
NEW KENT,VA,283
NEW LONDON,CT,4624
NEW MADRID,MO,331
NEW YORK,NY,85813
NEWAYGO,MI,469
NEWBERRY,SC,679
NEWPORT,RI,2193
NEWPORT NEWS CITY,VA,2939
NEWTON,AR,233
NEWTON,GA,4954
NEWTON,IN,305
NEWTON,MO,1271
NEWTON,MS,466
NEWTON,TX,173
NEZ PERCE,ID,725
NIAGARA,NY,3252
NICHOLAS,KY,208
NICHOLAS,WV,246
NICOLLET,MN,1111
NIOBRARA,WY,157
NOBLE,IN,717
NOBLE,OH,119
NOBLE,OK,441
NOBLES,MN,1122
NODAWAY,MO,799
NOLAN,TX,284
NOME,AK,51
NORFOLK,MA,17518
NORFOLK CITY,VA,3984
NORMAN,MN,410
NORTH SLOPE,AK,34
NORTHAMPTON,NC,273
NORTHAMPTON,PA,4986
NORTHAMPTON,VA,223
NORTHERN MARIANA ISLANDS,MP,77
NORTHUMBERLAND,PA,1076
NORTHUMBERLAND,VA,256
NORTHWEST ARCTIC,AK,14
NORTON,KS,387
NORTON CITY,VA,108
NOTTOWAY,VA,251
NOWATA,OK,342
NOXUBEE,MS,967
NUCKOLLS,NE,360
NUECES,TX,5908
NYE,NV,468
OAKLAND,MI,35628
OBION,TN,798
OBRIEN,IA,1130
OCEAN,NJ,11936
OCEANA,MI,365
OCHILTREE,TX,482
OCONEE,GA,1017
OCONEE,SC,806
OCONTO,WI,679
OGEMAW,MI,332
OGLE,IL,1373
OGLETHORPE,GA,250
OHIO,IN,59
OHIO,KY,518
OHIO,WV,895
OKALOOSA,FL,4477
OKANOGAN,WA,760
OKEECHOBEE,FL,594
OKFUSKEE,OK,376
OKLAHOMA,OK,21806
OKMULGEE,OK,763
OKTIBBEHA,MS,1608
OLDHAM,KY,940
OLDHAM,TX,66
OLIVER,ND,145
OLMSTED,MN,3512
ONEIDA,ID,97
ONEIDA,NY,3482
ONEIDA,WI,929
ONONDAGA,NY,9067
ONSLOW,NC,2033
ONTARIO,NY,2197
ONTONAGON,MI,90
ORANGE,CA,85514
ORANGE,FL,54231
ORANGE,IN,299
ORANGE,NC,2370
ORANGE,NY,7523
ORANGE,TX,1077
ORANGE,VA,450
ORANGE,VT,569
ORANGEBURG,SC,1894
OREGON,MO,424
ORLEANS,LA,18256
ORLEANS,NY,522
ORLEANS,VT,654
OROCOVIS,PR,162
OSAGE,KS,467
OSAGE,MO,876
OSAGE,OK,859
OSBORNE,KS,328
OSCEOLA,FL,11758
OSCEOLA,IA,552
OSCEOLA,MI,231
OSCODA,MI,89
OSWEGO,NY,1377
OTERO,CO,491
OTERO,NM,609
OTOE,NE,809
OTSEGO,MI,466
OTSEGO,NY,849
OTTAWA,KS,399
OTTAWA,MI,4935
OTTAWA,OH,968
OTTAWA,OK,844
OTTER TAIL,MN,2265
OUACHITA,AR,398
OUACHITA,LA,5248
OURAY,CO,266
OUTAGAMIE,WI,3948
OVERTON,TN,768
OWEN,IN,272
OWEN,KY,241
OWSLEY,KY,43
OWYHEE,ID,180
OXFORD,ME,815
OZARK,MO,530
OZAUKEE,WI,2174
PACIFIC,WA,391
PAGE,IA,705
PAGE,VA,506
PALM BEACH,FL,59740
PALO ALTO,IA,751
PALO PINTO,TX,456
PAMLICO,NC,167
PANOLA,MS,1587
PANOLA,TX,528
PARK,CO,296
PARK,MT,566
PARK,WY,1124
PARKE,IN,258
PARKER,TX,2533
PARMER,TX,235
PASCO,FL,9773
PASQUOTANK,NC,613
PASSAIC,NJ,12242
PATILLAS,PR,55
PATRICK,VA,192
PAULDING,GA,3718
PAULDING,OH,399
PAWNEE,KS,287
PAWNEE,NE,195
PAWNEE,OK,480
PAYETTE,ID,392
PAYNE,OK,1895
PEACH,GA,825
PEARL RIVER,MS,1275
PECOS,TX,313
PEMBINA,ND,504
PEMISCOT,MO,358
PEND OREILLE,WA,112
PENDER,NC,808
PENDLETON,KY,204
PENDLETON,WV,207
PENNINGTON,MN,517
PENNINGTON,SD,3032
PENOBSCOT,ME,2826
PENUELAS,PR,98
PEORIA,IL,4926
PEPIN,WI,310
PERKINS,NE,302
PERKINS,SD,352
PERQUIMANS,NC,166
PERRY,AL,368
PERRY,AR,144
PERRY,IL,393
PERRY,IN,257
PERRY,KY,267
PERRY,MO,687
PERRY,MS,179
PERRY,OH,344
PERRY,PA,503
PERRY,TN,160
PERSHING,NV,36
PERSON,NC,435
PETERSBURG,AK,444
PETERSBURG CITY,VA,1018
PETROLEUM,MT,37
PETTIS,MO,1179
PHELPS,MO,1206
PHELPS,NE,780
PHILADELPHIA,PA,42202
PHILLIPS,AR,544
PHILLIPS,CO,331
PHILLIPS,KS,554
PHILLIPS,MT,352
PIATT,IL,408
PICKAWAY,OH,740
PICKENS,AL,412
PICKENS,GA,776
PICKENS,SC,1443
PICKETT,TN,295
PIERCE,GA,380
PIERCE,ND,402
PIERCE,NE,729
PIERCE,WA,12436
PIERCE,WI,984
PIKE,AL,788
PIKE,AR,314
PIKE,GA,379
PIKE,IL,840
PIKE,IN,129
PIKE,KY,778
PIKE,MO,551
PIKE,MS,2152
PIKE,OH,302
PIKE,PA,716
PIMA,AZ,13357
PINAL,AZ,3833
PINE,MN,568
PINE RIDGE,SD,129
PINELLAS,FL,26309
PIPESTONE,MN,623
PISCATAQUIS,ME,283
PITKIN,CO,1298
PITT,NC,2874
PITTSBURG,OK,1104
PITTSYLVANIA,VA,566
PIUTE,UT,54
PLACER,CA,8433
PLAQUEMINES,LA,829
PLATTE,MO,2054
PLATTE,NE,2026
PLATTE,WY,292
PLEASANTS,WV,52
PLUMAS,CA,368
PLYMOUTH,IA,1888
PLYMOUTH,MA,11013
POCAHONTAS,IA,674
POCAHONTAS,WV,169
POINSETT,AR,465
POINTE COUPEE,LA,618
POLK,AR,525
POLK,FL,13474
POLK,GA,730
POLK,IA,10236
POLK,MN,1410
POLK,MO,996
POLK,NC,264
POLK,NE,491
POLK,OR,844
POLK,TN,142
POLK,TX,799
POLK,WI,1183
PONCE,PR,1885
PONDERA,MT,333
PONTOTOC,MS,892
PONTOTOC,OK,1128
POPE,AR,1087
POPE,IL,81
POPE,MN,540
POQUOSON CITY,VA,129
PORTAGE,OH,2403
PORTAGE,WI,1301
PORTER,IN,2900
PORTSMOUTH CITY,VA,1629
POSEY,IN,335
POTTAWATOMIE,KS,810
POTTAWATOMIE,OK,1206
POTTAWATTAMIE,IA,2027
POTTER,PA,184
POTTER,SD,241
POTTER,TX,2567
POWDER RIVER,MT,185
POWELL,KY,221
POWELL,MT,215
POWER,ID,135
POWESHIEK,IA,945
POWHATAN,VA,449
PRAIRIE,AR,239
PRAIRIE,MT,94
PRATT,KS,427
PREBLE,OH,710
PRENTISS,MS,846
PRESIDIO,TX,143
PRESQUE ISLE,MI,152
PRESTON,WV,477
PRICE,WI,311
PRINCE EDWARD,VA,338
PRINCE GEORGE,VA,335
PRINCE GEORGES,MD,23293
PRINCE OF WALES HYDER,AK,149
PRINCE WILLIAM,VA,7943
PROVIDENCE,RI,13798
PROWERS,CO,555
PUEBLO,CO,1969
PULASKI,AR,13159
PULASKI,GA,267
PULASKI,IL,146
PULASKI,IN,359
PULASKI,KY,1580
PULASKI,MO,794
PULASKI,VA,313
PUSHMATAHA,OK,574
PUTNAM,FL,885
PUTNAM,GA,601
PUTNAM,IL,190
PUTNAM,IN,560
PUTNAM,MO,350
PUTNAM,NY,2156
PUTNAM,OH,1238
PUTNAM,TN,2060
PUTNAM,WV,755
QUAY,NM,196
QUEBRADILLAS,PR,221
QUEEN ANNES,MD,1233
QUEENS,NY,65635
QUITMAN,GA,46
QUITMAN,MS,313
RABUN,GA,265
RACINE,WI,3810
RADFORD,VA,184
RAINS,TX,224
RALEIGH,WV,982
RALLS,MO,289
RAMSEY,MN,11639
RAMSEY,ND,610
RANDALL,TX,2715
RANDOLPH,AL,488
RANDOLPH,AR,516
RANDOLPH,GA,327
RANDOLPH,IL,641
RANDOLPH,IN,412
RANDOLPH,MO,529
RANDOLPH,NC,1818
RANDOLPH,WV,515
RANKIN,MS,4074
RANSOM,ND,389
RAPIDES,LA,2717
RAPPAHANNOCK,VA,139
RAVALLI,MT,1061
RAWLINS,KS,307
RAY,MO,554
REAGAN,TX,96
REAL,TX,56
RED LAKE,MN,257
RED RIVER,LA,186
RED RIVER,TX,329
RED WILLOW,NE,573
REDWOOD,MN,1324
REEVES,TX,206
REFUGIO,TX,104
RENO,KS,1664
RENSSELAER,NY,2205
RENVILLE,MN,1089
RENVILLE,ND,255
REPUBLIC,KS,514
REYNOLDS,MO,251
RHEA,TN,375
RICE,KS,389
RICE,MN,1653
RICH,UT,108
RICHARDSON,NE,591
RICHLAND,IL,641
RICHLAND,LA,758
RICHLAND,MT,679
RICHLAND,ND,890
RICHLAND,OH,2021
RICHLAND,SC,12001
RICHLAND,WI,558
RICHMOND,GA,4902
RICHMOND,NC,457
RICHMOND,NY,9431
RICHMOND,VA,125
RICHMOND CITY,VA,4783
RILEY,KS,1385
RINCON,PR,158
RINGGOLD,IA,481
RIO ARRIBA,NM,290
RIO BLANCO,CO,131
RIO GRANDE,CO,268
RIO GRANDE,PR,398
RIPLEY,IN,472
RIPLEY,MO,404
RITCHIE,WV,84
RIVERSIDE,CA,40047
ROANE,TN,468
ROANE,WV,134
ROANOKE,VA,1247
ROANOKE CITY,VA,2034
ROBERTS,SD,692
ROBERTS,TX,29
ROBERTSON,KY,64
ROBERTSON,TN,1046
ROBERTSON,TX,418
ROBESON,NC,1263
ROCK,MN,686
ROCK,NE,219
ROCK,WI,2943
ROCK ISLAND,IL,2660
ROCKBRIDGE,VA,304
ROCKCASTLE,KY,323
ROCKDALE,GA,5431
ROCKINGHAM,NC,892
ROCKINGHAM,NH,8004
ROCKINGHAM,VA,1121
ROCKLAND,NY,9201
ROCKWALL,TX,2722
ROGER MILLS,OK,493
ROGERS,OK,1598
ROLETTE,ND,447
ROOKS,KS,356
ROOSEVELT,MT,392
ROOSEVELT,NM,277
ROSCOMMON,MI,242
ROSEAU,MN,730
ROSEBUD,MT,219
ROSS,OH,935
Rota,MP,13
ROUTT,CO,1289
ROWAN,KY,472
ROWAN,NC,1831
RUNNELS,TX,364
RUSH,IN,380
RUSH,KS,319
RUSK,TX,819
RUSK,WI,326
RUSSELL,AL,1695
RUSSELL,KS,458
RUSSELL,KY,707
RUSSELL,VA,485
RUTHERFORD,NC,633
RUTHERFORD,TN,6375
RUTLAND,VT,1158
SABANA GRANDE,PR,128
SABINE,LA,355
SABINE,TX,115
SAC,IA,972
SACRAMENTO,CA,28884
SAGADAHOC,ME,679
SAGINAW,MI,4284
SAGUACHE,CO,137
SAINT BERNARD,LA,1207
SAINT CHARLES,LA,1202
SAINT CHARLES,MO,6915
SAINT CLAIR,AL,1071
SAINT CLAIR,IL,6016
SAINT CLAIR,MI,2051
SAINT CLAIR,MO,468
SAINT CROIX,VI,778
SAINT CROIX,WI,2029
SAINT FRANCIS,AR,795
SAINT FRANCOIS,MO,1118
SAINT HELENA,LA,582
SAINT JAMES,LA,894
SAINT JOHN,VI,206
SAINT JOHNS,FL,5430
SAINT JOSEPH,MI,809
SAINT LANDRY,LA,1968
SAINT LAWRENCE,NY,1306
SAINT LOUIS,MN,3343
SAINT LOUIS,MO,28677
SAINT LOUIS CITY,MO,8942
SAINT LUCIE,FL,7657
SAINT MARTIN,LA,1371
SAINT MARY,LA,2278
SAINT MARYS,MD,1238
SAINT TAMMANY,LA,7538
SAINT THOMAS,VI,1336
SAINTE GENEVIEVE,MO,379
Saipan,MP,550
SALEM,NJ,939
SALEM,VA,543
SALINAS,PR,162
SALINE,AR,1912
SALINE,IL,552
SALINE,KS,1555
SALINE,MO,866
SALINE,NE,694
SALT LAKE,UT,22911
SALUDA,SC,177
SAMPSON,NC,865
SAN AUGUSTINE,TX,152
SAN BENITO,CA,758
SAN BERNARDINO,CA,39740
SAN DIEGO,CA,69143
SAN FRANCISCO,CA,29783
SAN GERMAN,PR,282
SAN JACINTO,TX,296
SAN JOAQUIN,CA,11286
SAN JUAN,CO,55
SAN JUAN,NM,1378
SAN JUAN,PR,12167
SAN JUAN,UT,167
SAN JUAN,WA,635
SAN LORENZO,PR,277
SAN LUIS OBISPO,CA,6450
SAN MATEO,CA,17155
SAN MIGUEL,CO,578
SAN MIGUEL,NM,224
SAN PATRICIO,TX,811
SAN SABA,TX,267
SAN SEBASTIAN,PR,520
SANBORN,SD,291
SANDERS,MT,261
SANDOVAL,NM,1153
SANDUSKY,OH,1107
SANGAMON,IL,5282
SANILAC,MI,1118
SANPETE,UT,529
SANTA BARBARA,CA,9645
SANTA CLARA,CA,36027
SANTA CRUZ,AZ,622
SANTA CRUZ,CA,5458
SANTA FE,NM,3424
SANTA ISABEL,PR,164
SANTA ROSA,FL,2598
SARASOTA,FL,11587
SARATOGA,NY,4179
SARGENT,ND,356
SARPY,NE,2871
SAUK,WI,1795
SAUNDERS,NE,1294
SAWYER,WI,443
SCHENECTADY,NY,2261
SCHLEICHER,TX,106
SCHLEY,GA,121
SCHOHARIE,NY,344
SCHOOLCRAFT,MI,139
SCHUYLER,IL,244
SCHUYLER,MO,231
SCHUYLER,NY,299
SCHUYLKILL,PA,1563
SCIOTO,OH,795
SCOTLAND,MO,290
SCOTLAND,NC,389
SCOTT,AR,299
SCOTT,IA,3776
SCOTT,IL,219
SCOTT,IN,228
SCOTT,KS,454
SCOTT,KY,840
SCOTT,MN,3074
SCOTT,MO,1288
SCOTT,MS,714
SCOTT,TN,321
SCOTT,VA,267
SCOTTS BLUFF,NE,1182
SCREVEN,GA,289
SCURRY,TX,268
SEARCY,AR,272
SEBASTIAN,AR,2516
SEDGWICK,CO,145
SEDGWICK,KS,10260
SEMINOLE,FL,12950
SEMINOLE,GA,332
SEMINOLE,OK,518
SENECA,NY,439
SENECA,OH,1213
SEQUATCHIE,TN,244
SEQUOYAH,OK,1082
SEVIER,AR,350
SEVIER,TN,2196
SEVIER,UT,493
SEWARD,KS,597
SEWARD,NE,881
SHACKELFORD,TX,168
SHANNON,MO,348
SHARKEY,MS,212
SHARP,AR,468
SHASTA,CA,2985
SHAWANO,WI,891
SHAWNEE,KS,3157
SHEBOYGAN,WI,1948
SHELBY,AL,4895
SHELBY,IA,952
SHELBY,IL,871
SHELBY,IN,655
SHELBY,KY,783
SHELBY,MO,367
SHELBY,OH,1005
SHELBY,TN,36850
SHELBY,TX,701
SHENANDOAH,VA,539
SHERBURNE,MN,1830
SHERIDAN,KS,376
SHERIDAN,MT,383
SHERIDAN,ND,195
SHERIDAN,NE,516
SHERIDAN,WY,1487
SHERMAN,KS,425
SHERMAN,NE,417
SHERMAN,OR,58
SHERMAN,TX,143
SHIAWASSEE,MI,883
SHOSHONE,ID,159
SIBLEY,MN,829
SIERRA,CA,33
SIERRA,NM,160
SILVER BOW,MT,729
SIMPSON,KY,446
SIMPSON,MS,700
SIOUX,IA,2723
SIOUX,ND,98
SIOUX,NE,151
SISKIYOU,CA,656
SITKA,AK,529
SKAGIT,WA,2263
SKAGWAY,AK,88
SKAMANIA,WA,119
SLOPE,ND,108
SMITH,KS,416
SMITH,MS,403
SMITH,TN,463
SMITH,TX,4867
SMYTH,VA,537
SNOHOMISH,WA,13680
SNYDER,PA,580
SOCORRO,NM,103
SOLANO,CA,6908
SOMERSET,MD,251
SOMERSET,ME,717
SOMERSET,NJ,7830
SOMERSET,PA,1104
SOMERVELL,TX,140
SONOMA,CA,11580
SOUTHAMPTON,VA,241
SOUTHEAST FAIRBANKS,AK,91
SPALDING,GA,3831
SPARTANBURG,SC,5439
SPENCER,IN,368
SPENCER,KY,204
SPINK,SD,738
SPOKANE,WA,8445
SPOTSYLVANIA,VA,1736
ST JOHN THE BAPTIST,LA,1731
ST JOSEPH,IN,5411
STAFFORD,KS,362
STAFFORD,VA,1917
STANISLAUS,CA,7259
STANLEY,SD,253
STANLY,NC,807
STANTON,KS,152
STANTON,NE,463
STARK,IL,318
STARK,ND,1386
STARK,OH,6749
STARKE,IN,338
STARR,TX,808
STAUNTON CITY,VA,525
STEARNS,MN,4796
STEELE,MN,912
STEELE,ND,190
STEPHENS,GA,342
STEPHENS,OK,1390
STEPHENS,TX,319
STEPHENSON,IL,1574
STERLING,TX,56
STEUBEN,IN,567
STEUBEN,NY,1202
STEVENS,KS,213
STEVENS,MN,470
STEVENS,WA,475
STEWART,GA,144
STEWART,TN,168
STILLWATER,MT,269
STODDARD,MO,1039
STOKES,NC,363
STONE,AR,317
STONE,MO,704
STONE,MS,238
STONEWALL,TX,85
STOREY,NV,82
STORY,IA,1827
STRAFFORD,NH,1987
STUTSMAN,ND,1153
SUBLETTE,WY,402
SUFFOLK,MA,19619
SUFFOLK,NY,38695
SUFFOLK CITY,VA,1356
SULLIVAN,IN,330
SULLIVAN,MO,375
SULLIVAN,NH,658
SULLIVAN,NY,1200
SULLIVAN,PA,92
SULLIVAN,TN,2361
SULLY,SD,206
SUMMERS,WV,91
SUMMIT,CO,1326
SUMMIT,OH,12538
SUMMIT,UT,1948
SUMNER,KS,820
SUMNER,TN,3640
SUMTER,AL,381
SUMTER,FL,1323
SUMTER,GA,1279
SUMTER,SC,2944
SUNFLOWER,MS,1159
SURRY,NC,807
SURRY,VA,78
SUSQUEHANNA,PA,603
SUSSEX,DE,4202
SUSSEX,NJ,2351
SUSSEX,VA,117
SUTTER,CA,1612
SUTTON,TX,91
SUWANNEE,FL,617
SWAIN,NC,277
SWEET GRASS,MT,149
SWEETWATER,WY,773
SWIFT,MN,634
SWISHER,TX,212
SWITZERLAND,IN,99
TALBOT,GA,209
TALBOT,MD,1242
TALIAFERRO,GA,23
TALLADEGA,AL,1172
TALLAHATCHIE,MS,840
TALLAPOOSA,AL,672
TAMA,IA,955
TANEY,MO,1608
TANGIPAHOA,LA,4503
TAOS,NM,686
TARRANT,TX,50331
TATE,MS,936
TATTNALL,GA,500
TAYLOR,FL,251
TAYLOR,GA,251
TAYLOR,IA,490
TAYLOR,KY,749
TAYLOR,TX,2640
TAYLOR,WI,700
TAYLOR,WV,130
TAZEWELL,IL,2297
TAZEWELL,VA,609
TEHAMA,CA,616
TELFAIR,GA,609
TELLER,CO,570
TENSAS,LA,210
TERREBONNE,LA,5307
TERRELL,GA,462
TERRELL,TX,9
TERRY,TX,310
TETON,ID,384
TETON,MT,412
TETON,WY,1560
TEXAS,MO,865
TEXAS,OK,740
THAYER,NE,462
THOMAS,GA,1459
THOMAS,KS,608
THOMAS,NE,82
THROCKMORTON,TX,110
THURSTON,NE,366
THURSTON,WA,3794
TIFT,GA,1481
TILLAMOOK,OR,455
TILLMAN,OK,265
Tinian,MP,10
TIOGA,NY,563
TIOGA,PA,608
TIPPAH,MS,560
TIPPECANOE,IN,3064
TIPTON,IN,356
TIPTON,TN,1090
TISHOMINGO,MS,366
TITUS,TX,604
TOA ALTA,PR,727
TOA BAJA,PR,900
TODD,KY,287
TODD,MN,903
TODD,SD,109
TOLLAND,CT,1992
TOM GREEN,TX,2335
TOMPKINS,NY,1829
TOOELE,UT,588
TOOLE,MT,193
TOOMBS,GA,675
TORRANCE,NM,116
TOWNER,ND,254
TOWNS,GA,171
TRAILL,ND,518
TRANSYLVANIA,NC,478
TRAVERSE,MN,311
TRAVIS,TX,32393
TREASURE,MT,56
TREGO,KS,251
TREMPEALEAU,WI,944
TREUTLEN,GA,166
TRIGG,KY,239
TRIMBLE,KY,187
TRINITY,CA,81
TRINITY,TX,223
TRIPP,SD,762
TROUP,GA,3383
TROUSDALE,TN,165
TRUJILLO ALTO,PR,849
TRUMBULL,OH,3053
TUCKER,WV,134
TULARE,CA,4959
TULSA,OK,15514
TUNICA,MS,432
TUOLUMNE,CA,747
TURNER,GA,625
TURNER,SD,659
TUSCALOOSA,AL,5623
TUSCARAWAS,OH,1362
TUSCOLA,MI,1017
TWIGGS,GA,206
TWIN FALLS,ID,1785
TYLER,TX,186
TYLER,WV,40
TYRRELL,NC,54
UINTA,WY,402
UINTAH,UT,629
ULSTER,NY,3800
UMATILLA,OR,980
UNICOI,TN,127
UNION,AR,1450
UNION,FL,124
UNION,GA,362
UNION,IA,671
UNION,IL,415
UNION,IN,154
UNION,KY,369
UNION,LA,557
UNION,MS,925
UNION,NC,3964
UNION,NJ,13474
UNION,NM,117
UNION,OH,822
UNION,OR,433
UNION,PA,620
UNION,SC,308
UNION,SD,746
UNION,TN,171
UPSHUR,TX,588
UPSHUR,WV,346
UPSON,GA,1308
UPTON,TX,69
UTAH,UT,9848
UTUADO,PR,191
UVALDE,TX,767
VAL VERDE,TX,503
VALDEZ CORDOVA,AK,511
VALENCIA,NM,460
VALLEY,ID,365
VALLEY,MT,436
VALLEY,NE,493
VAN BUREN,AR,268
VAN BUREN,IA,379
VAN BUREN,MI,1061
VAN BUREN,TN,111
VAN WERT,OH,747
VAN ZANDT,TX,806
VANCE,NC,634
VANDERBURGH,IN,3574
VEGA ALTA,PR,378
VEGA BAJA,PR,465
VENANGO,PA,648
VENTURA,CA,17624
VERMILION,IL,1753
VERMILION,LA,1456
VERMILLION,IN,176
VERNON,LA,474
VERNON,MO,670
VERNON,WI,1062
VICTORIA,TX,1666
VIEQUES,PR,101
VIGO,IN,1703
VILAS,WI,555
VILLALBA,PR,114
VINTON,OH,91
VIRGINIA BEACH CITY,VA,8671
VOLUSIA,FL,10635
WABASH,IL,357
WABASH,IN,566
WABASHA,MN,944
WABAUNSEE,KS,316
WADENA,MN,505
WAGONER,OK,1132
WAHKIAKUM,WA,61
WAKE,NC,24211
WAKULLA,FL,437
WALDO,ME,821
WALKER,AL,880
WALKER,GA,644
WALKER,TX,1023
WALLA WALLA,WA,972
WALLACE,KS,226
WALLER,TX,1002
WALLOWA,OR,268
WALSH,ND,745
WALTHALL,MS,582
WALTON,FL,2586
WALTON,GA,2397
WALWORTH,SD,409
WALWORTH,WI,2063
WAPELLO,IA,886
WARD,ND,2203
WARD,TX,197
WARE,GA,776
WARREN,GA,109
WARREN,IA,1066
WARREN,IL,589
WARREN,IN,188
WARREN,KY,3052
WARREN,MO,498
WARREN,MS,1561
WARREN,NC,151
WARREN,NJ,1757
WARREN,NY,1538
WARREN,OH,3520
WARREN,PA,393
WARREN,TN,739
WARREN,VA,481
WARRICK,IN,990
WASATCH,UT,758
WASCO,OR,451
WASECA,MN,919
WASHAKIE,WY,345
WASHBURN,WI,471
WASHINGTON,AL,310
WASHINGTON,AR,4901
WASHINGTON,CO,384
WASHINGTON,FL,376
WASHINGTON,GA,559
WASHINGTON,IA,1141
WASHINGTON,ID,144
WASHINGTON,IL,735
WASHINGTON,IN,361
WASHINGTON,KS,778
WASHINGTON,KY,499
WASHINGTON,LA,952
WASHINGTON,MD,2304
WASHINGTON,ME,1195
WASHINGTON,MN,4752
WASHINGTON,MO,422
WASHINGTON,MS,2034
WASHINGTON,NC,150
WASHINGTON,NE,689
WASHINGTON,NY,682
WASHINGTON,OH,927
WASHINGTON,OK,910
WASHINGTON,OR,10383
WASHINGTON,PA,3571
WASHINGTON,RI,3079
WASHINGTON,TN,2103
WASHINGTON,TX,942
WASHINGTON,UT,4110
WASHINGTON,VA,973
WASHINGTON,VT,1793
WASHINGTON,WI,2649
WASHITA,OK,768
WASHOE,NV,9405
WASHTENAW,MI,7049
WATAUGA,NC,1041
WATONWAN,MN,464
WAUKESHA,WI,9457
WAUPACA,WI,1158
WAUSHARA,WI,404
WAYNE,GA,476
WAYNE,IA,377
WAYNE,IL,618
WAYNE,IN,989
WAYNE,KY,459
WAYNE,MI,47816
WAYNE,MO,347
WAYNE,MS,694
WAYNE,NC,1492
WAYNE,NE,587
WAYNE,NY,1264
WAYNE,OH,1774
WAYNE,PA,962
WAYNE,TN,448
WAYNE,UT,121
WAYNE,WV,245
WAYNESBORO CITY,VA,336
WEAKLEY,TN,623
WEBB,TX,4149
WEBER,UT,3591
WEBSTER,GA,105
WEBSTER,IA,1202
WEBSTER,KY,251
WEBSTER,LA,895
WEBSTER,MO,1235
WEBSTER,MS,367
WEBSTER,NE,316
WEBSTER,WV,57
WELD,CO,5620
WELLS,IN,508
WELLS,ND,371
WEST BATON ROUGE,LA,889
WEST CARROLL,LA,270
WEST FELICIANA,LA,251
WESTCHESTER,NY,27114
WESTMORELAND,PA,5328
WESTMORELAND,VA,192
WESTON,WY,263
WETZEL,WV,118
WEXFORD,MI,442
WHARTON,TX,1169
WHATCOM,WA,4821
WHEATLAND,MT,81
WHEELER,GA,147
WHEELER,NE,123
WHEELER,OR,46
WHEELER,TX,190
WHITE,AR,1327
WHITE,GA,492
WHITE,IL,540
WHITE,IN,602
WHITE,TN,697
WHITE PINE,NV,146
WHITESIDE,IL,1373
WHITFIELD,GA,1613
WHITLEY,IN,624
WHITLEY,KY,569
WHITMAN,WA,679
WIBAUX,MT,115
WICHITA,KS,321
WICHITA,TX,2671
WICOMICO,MD,1834
WILBARGER,TX,451
WILCOX,AL,355
WILCOX,GA,286
WILKES,GA,281
WILKES,NC,621
WILKIN,MN,363
WILKINSON,GA,272
WILKINSON,MS,280
WILL,IL,19209
WILLACY,TX,211
WILLIAMS,ND,1597
WILLIAMS,OH,643
WILLIAMSBURG,SC,896
WILLIAMSBURG CITY,VA,244
WILLIAMSON,IL,1534
WILLIAMSON,TN,7821
WILLIAMSON,TX,10806
WILSON,KS,376
WILSON,NC,1532
WILSON,TN,2895
WILSON,TX,707
WINCHESTER CITY,VA,803
WINDHAM,CT,1512
WINDHAM,VT,1015
WINDSOR,VT,1291
WINKLER,TX,156
WINN,LA,228
WINNEBAGO,IA,645
WINNEBAGO,IL,7764
WINNEBAGO,WI,2692
WINNESHIEK,IA,1375
WINONA,MN,1105
WINSTON,AL,364
WINSTON,MS,590
WIRT,WV,26
WISE,TX,1164
WISE,VA,351
WOLFE,KY,87
WOOD,OH,2200
WOOD,TX,613
WOOD,WI,1433
WOOD,WV,1059
WOODBURY,IA,2670
WOODFORD,IL,931
WOODFORD,KY,613
WOODRUFF,AR,149
WOODS,OK,660
WOODSON,KS,231
WOODWARD,OK,1306
WORCESTER,MA,13959
WORCESTER,MD,1716
WORTH,GA,468
WORTH,IA,489
WORTH,MO,160
WRANGELL,AK,198
WRIGHT,IA,620
WRIGHT,MN,2882
WRIGHT,MO,950
WYANDOT,OH,534
WYANDOTTE,KS,2360
WYOMING,NY,562
WYOMING,PA,371
WYOMING,WV,119
WYTHE,VA,496
YABUCOA,PR,148
YADKIN,NC,384
YAKIMA,WA,3382
YAKUTAT,AK,26
YALOBUSHA,MS,529
YAMHILL,OR,1588
YANCEY,NC,216
YANKTON,SD,985
YATES,NY,362
YAUCO,PR,344
YAVAPAI,AZ,3618
YAZOO,MS,1051
YELL,AR,293
YELLOW MEDICINE,MN,957
YELLOWSTONE,MT,3877
YOAKUM,TX,160
YOLO,CA,3253
YORK,ME,4357
YORK,NE,866
YORK,PA,6090
YORK,SC,4554
YORK,VA,865
YOUNG,TX,828
YUBA,CA,642
YUKON KOYUKUK,AK,26
YUMA,AZ,1772
YUMA,CO,878
ZAPATA,TX,191
ZAVALA,TX,109
ZIEBACH,SD,115
