project_county_name,project_state,total
ABBEVILLE,SC,8
ACADIA,LA,8
ACCOMACK,VA,1
ADA,ID,51
ADAIR,KY,2
ADAMS,CO,146
ADAMS,IL,7
ADAMS,IN,2
ADAMS,MS,25
ADAMS,OH,4
ADAMS,PA,5
ADAMS,WA,1
AIKEN,SC,34
ALACHUA,FL,156
ALBANY,NY,64
ALBANY,WY,3
ALBEMARLE,VA,26
ALCONA,MI,2
ALCORN,MS,1
ALEUTIANS EAST,AK,1
ALEUTIANS WEST,AK,1
ALEXANDRIA CITY,VA,155
ALLAMAKEE,IA,4
ALLEGAN,MI,9
ALLEGANY,MD,11
ALLEGANY,NY,5
ALLEGHENY,PA,246
ALLEN,IN,66
ALLEN,KS,6
ALLEN,KY,1
ALLEN,LA,4
ALLEN,OH,5
ALLENDALE,SC,1
ALPENA,MI,3
AMELIA,VA,2
AMHERST,VA,4
AMITE,MS,2
ANCHORAGE,AK,47
ANDERSON,KS,1
ANDERSON,KY,3
ANDERSON,SC,31
ANDERSON,TN,14
ANDERSON,TX,6
ANDREWS,TX,1
ANDROSCOGGIN,ME,10
ANGELINA,TX,10
ANNE ARUNDEL,MD,257
ANOKA,MN,50
ANTRIM,MI,2
APACHE,AZ,3
APPLING,GA,3
APPOMATTOX,VA,3
ARANSAS,TX,4
ARAPAHOE,CO,269
ARCHER,TX,2
ARKANSAS,AR,2
ARLINGTON,VA,109
ARMSTRONG,PA,5
AROOSTOOK,ME,1
ASCENSION,LA,33
ASHLAND,OH,6
ASHLAND,WI,2
ASHLEY,AR,4
ASHTABULA,OH,4
ASSUMPTION,LA,4
ATASCOSA,TX,8
ATLANTIC,NJ,97
ATTALA,MS,5
AUGLAIZE,OH,2
AUGUSTA,VA,1
AUSTIN,TX,6
AUTAUGA,AL,5
AVOYELLES,LA,5
BACON,GA,1
BAILEY,TX,1
BAKER,FL,10
BAKER,GA,3
BALDWIN,AL,63
BALDWIN,GA,43
BALLARD,KY,1
BALTIMORE,MD,476
BALTIMORE CITY,MD,397
BAMBERG,SC,7
BANDERA,TX,3
BANKS,GA,3
BANNOCK,ID,2
BARBOUR,AL,19
BARBOUR,WV,1
BARNSTABLE,MA,27
BARNWELL,SC,4
BARREN,KY,1
BARRON,WI,4
BARROW,GA,45
BARRY,MI,3
BARTHOLOMEW,IN,1
BARTOW,GA,35
BASTROP,TX,13
BATH,KY,1
BATH,VA,2
BAXTER,AR,1
BAY,FL,85
BAY,MI,8
BEAUFORT,SC,68
BEAUREGARD,LA,2
BEAVER,PA,8
BEAVER,UT,1
BECKER,MN,2
BEDFORD,PA,4
BEDFORD,TN,3
BEDFORD,VA,13
BEE,TX,9
BELKNAP,NH,13
BELL,KY,1
BELL,TX,78
BELMONT,OH,5
BEN HILL,GA,10
BENTON,AR,22
BENTON,IA,4
BENTON,IN,1
BENTON,MN,4
BENTON,MO,2
BENTON,MS,1
BENTON,OR,5
BENTON,TN,1
BENTON,WA,30
BENZIE,MI,3
BERGEN,NJ,910
BERKELEY,SC,138
BERKELEY,WV,15
BERKS,PA,81
BERKSHIRE,MA,31
BERNALILLO,NM,124
BERRIEN,GA,5
BERRIEN,MI,31
BEXAR,TX,482
BIBB,AL,6
BIBB,GA,147
BIENVILLE,LA,2
BINGHAM,ID,2
BLACK HAWK,IA,25
BLACKFORD,IN,1
BLAINE,ID,3
BLAIR,PA,3
BLANCO,TX,2
BLECKLEY,GA,5
BLEDSOE,TN,1
BLOUNT,AL,3
BLOUNT,TN,25
BLUE EARTH,MN,5
BOLIVAR,MS,7
BONNER,ID,7
BONNEVILLE,ID,4
BOONE,AR,2
BOONE,IA,2
BOONE,IL,23
BOONE,IN,11
BOONE,KY,29
BOONE,MO,24
BOONE,WV,3
BOSQUE,TX,2
BOSSIER,LA,56
BOTETOURT,VA,9
BOULDER,CO,360
BOUNDARY,ID,4
BOURBON,KY,2
BOWIE,TX,11
BOX BUTTE,NE,1
BOX ELDER,UT,3
BOYD,KY,2
BOYLE,KY,5
BRADFORD,FL,5
BRADFORD,PA,9
BRADLEY,AR,5
BRADLEY,TN,16
BRANCH,MI,3
BRANTLEY,GA,3
BRAZORIA,TX,135
BRAZOS,TX,28
BRECKINRIDGE,KY,1
BREMER,IA,2
BREVARD,FL,314
BRISTOL,MA,81
BRISTOL,VA,2
BRONX,NY,1126
BROOKS,GA,5
BROOME,NY,23
BROOMFIELD,CO,20
BROWARD,FL,3766
BROWN,IN,4
BROWN,OH,6
BROWN,TX,3
BROWN,WI,109
BRUNSWICK,VA,8
BRYAN,GA,19
BUCHANAN,IA,2
BUCHANAN,MO,8
BUCKS,PA,194
BUENA VISTA,IA,6
BUFFALO,NE,6
BUFFALO,WI,1
BULLITT,KY,11
BULLOCH,GA,38
BULLOCK,AL,5
BURKE,GA,25
BURLINGTON,NJ,118
BURNET,TX,3
BURT,NE,1
BUTLER,AL,10
BUTLER,KS,20
BUTLER,MO,2
BUTLER,OH,66
BUTLER,PA,13
BUTTE,ID,1
BUTTS,GA,12
CABELL,WV,14
CACHE,UT,16
CADDO,LA,121
CALCASIEU,LA,36
CALDWELL,KY,1
CALDWELL,LA,2
CALDWELL,TX,9
CALHOUN,AL,46
CALHOUN,AR,1
CALHOUN,FL,2
CALHOUN,IA,1
CALHOUN,MI,21
CALHOUN,SC,2
CALHOUN,TX,2
CALLAHAN,TX,1
CALLOWAY,KY,4
CALUMET,WI,17
CALVERT,MD,20
CAMBRIA,PA,15
CAMDEN,GA,22
CAMDEN,NJ,158
CAMERON,TX,130
CAMP,TX,2
CAMPBELL,KY,12
CAMPBELL,TN,5
CAMPBELL,VA,9
CAMPBELL,WY,4
CANADIAN,OK,21
CANDLER,GA,1
CANNON,TN,1
CANOVANAS,PR,1
CANYON,ID,11
CAPE GIRARDEAU,MO,5
CAPE MAY,NJ,51
CARBON,PA,8
CARBON,UT,3
CARLTON,MN,1
CAROLINE,MD,3
CAROLINE,VA,5
CARROLL,AR,3
CARROLL,GA,69
CARROLL,IA,1
CARROLL,IL,1
CARROLL,IN,2
CARROLL,KY,1
CARROLL,MD,56
CARROLL,MS,1
CARROLL,NH,8
CARROLL,TN,2
CARROLL,VA,5
CARSON,TX,1
CARTER,KY,1
CARTER,OK,3
CARTER,TN,5
CARVER,MN,16
CASCADE,MT,3
CASEY,KY,3
CASS,IN,6
CASS,MI,1
CASS,MN,1
CASS,MO,21
CASS,NE,2
CASS,TX,2
CASTRO,TX,1
CATAHOULA,LA,3
CATOOSA,GA,18
CATTARAUGUS,NY,11
CAYUGA,NY,3
CECIL,MD,19
CEDAR,IA,1
CEDAR,NE,8
CENTRE,PA,11
CHAFFEE,CO,3
CHAMBERS,AL,16
CHAMBERS,TX,5
CHAMPAIGN,IL,43
CHAMPAIGN,OH,2
CHARITON,MO,1
CHARLES,MD,55
CHARLES CITY,VA,1
CHARLESTON,SC,319
CHARLEVOIX,MI,2
CHARLOTTE,FL,108
CHARLOTTE,VA,8
CHARLOTTESVILLE CITY,VA,27
CHATHAM,GA,235
CHATTOOGA,GA,1
CHAUTAUQUA,NY,20
CHAVES,NM,7
CHEATHAM,TN,14
CHEBOYGAN,MI,2
CHELAN,WA,16
CHEMUNG,NY,6
CHENANGO,NY,10
CHEROKEE,AL,2
CHEROKEE,GA,159
CHEROKEE,KS,1
CHEROKEE,OK,1
CHEROKEE,SC,18
CHEROKEE,TX,8
CHESAPEAKE CITY,VA,68
CHESHIRE,NH,5
CHESTER,PA,229
CHESTER,SC,13
CHESTERFIELD,SC,16
CHESTERFIELD,VA,93
CHICKASAW,MS,4
CHICOT,AR,3
CHILTON,AL,11
CHIPPEWA,MI,1
CHIPPEWA,WI,2
CHISAGO,MN,5
CHOCTAW,AL,3
CHOCTAW,OK,1
CHRISTIAN,IL,2
CHRISTIAN,KY,20
CHRISTIAN,MO,11
CITRUS,FL,48
CLACKAMAS,OR,129
CLAIBORNE,LA,4
CLAIBORNE,MS,4
CLAIBORNE,TN,1
CLALLAM,WA,3
CLARE,MI,1
CLARENDON,SC,7
CLARION,PA,24
CLARK,AR,1
CLARK,IN,14
CLARK,KY,2
CLARK,MO,1
CLARK,NV,2
CLARK,OH,12
CLARK,WA,175
CLARKE,AL,8
CLARKE,GA,45
CLARKE,MS,6
CLARKE,VA,3
CLATSOP,OR,11
CLAY,AR,3
CLAY,FL,83
CLAY,IA,1
CLAY,IN,2
CLAY,MN,3
CLAY,MO,33
CLAY,MS,10
CLAY,NE,1
CLAY,TX,1
CLAYTON,GA,611
CLAYTON,IA,1
CLEAR CREEK,CO,3
CLEARFIELD,PA,8
CLEBURNE,AL,5
CLERMONT,OH,41
CLEVELAND,OK,36
CLINCH,GA,2
CLINTON,IA,5
CLINTON,IL,2
CLINTON,IN,1
CLINTON,MI,8
CLINTON,MO,1
CLINTON,NY,6
CLINTON,OH,3
COAHOMA,MS,5
COAL,OK,1
COBB,GA,1029
COCHISE,AZ,9
COCONINO,AZ,27
COFFEE,AL,15
COFFEE,GA,8
COFFEE,TN,10
COLBERT,AL,4
COLE,MO,4
COLES,IL,1
COLFAX,NM,2
COLLETON,SC,12
COLLIER,FL,327
COLLIN,TX,604
COLONIAL HEIGHTS CITY,VA,1
COLORADO,TX,2
COLQUITT,GA,11
COLUMBIA,AR,5
COLUMBIA,FL,19
COLUMBIA,GA,59
COLUMBIA,NY,15
COLUMBIA,OR,4
COLUMBIA,PA,4
COLUMBIA,WI,7
COLUMBIANA,OH,19
COMAL,TX,45
COMANCHE,OK,10
COMANCHE,TX,1
CONCORDIA,LA,3
CONECUH,AL,8
CONWAY,AR,2
COOK,GA,6
COOK,IL,4729
COOKE,TX,1
COOS,NH,1
COOS,OR,7
COOSA,AL,2
COPIAH,MS,10
CORTLAND,NY,3
CORYELL,TX,9
COSHOCTON,OH,6
COVINGTON,AL,20
COVINGTON,MS,4
COWETA,GA,66
COWLEY,KS,2
COWLITZ,WA,16
CRAIG,OK,1
CRAIGHEAD,AR,15
CRAWFORD,AR,2
CRAWFORD,GA,3
CRAWFORD,IL,9
CRAWFORD,IN,1
CRAWFORD,KS,1
CRAWFORD,OH,4
CRAWFORD,PA,10
CRAWFORD,WI,1
CREEK,OK,3
CRENSHAW,AL,1
CRISP,GA,28
CRITTENDEN,AR,17
CRITTENDEN,KY,1
CROOK,OR,7
CROSS,AR,1
CROWLEY,CO,2
CULEBRA,PR,1
CULLMAN,AL,8
CULPEPER,VA,16
CUMBERLAND,ME,41
CUMBERLAND,NJ,36
CUMBERLAND,PA,21
CUMBERLAND,TN,2
CUMBERLAND,VA,2
CURRY,NM,2
CURRY,OR,1
CUSTER,CO,2
CUSTER,OK,2
CUYAHOGA,OH,575
DADE,GA,9
DADE,MO,1
DAKOTA,MN,66
DAKOTA,NE,3
DALE,AL,6
DALLAS,AL,22
DALLAS,AR,1
DALLAS,IA,9
DALLAS,MO,1
DALLAS,TX,1767
DANE,WI,86
DANVILLE CITY,VA,19
DARKE,OH,2
DARLINGTON,SC,17
DAUPHIN,PA,43
DAVIDSON,TN,560
DAVIESS,IN,1
DAVIESS,KY,3
DAVIESS,MO,1
DAVIS,UT,54
DAWSON,GA,13
DAWSON,NE,1
DE KALB,AL,4
DE KALB,IN,8
DE SOTO,FL,22
DE SOTO,LA,4
DEARBORN,IN,2
DECATUR,GA,28
DECATUR,IN,1
DECATUR,TN,1
DEFIANCE,OH,7
DEKALB,GA,1428
DEKALB,IL,25
DEKALB,TN,3
DELAWARE,IN,13
DELAWARE,NY,9
DELAWARE,OH,50
DELAWARE,OK,1
DELAWARE,PA,208
DELTA,CO,3
DELTA,TX,1
DENT,MO,1
DENTON,TX,320
DENVER,CO,344
DES MOINES,IA,2
DESCHUTES,OR,54
DESHA,AR,2
DESOTO,MS,117
DEWITT,IL,1
DICKENSON,VA,1
DICKINSON,KS,4
DICKSON,TN,5
DILLON,SC,11
DISTRICT OF COLUMBIA,DC,498
DIXIE,FL,2
DIXON,NE,4
DODGE,GA,7
DODGE,MN,1
DODGE,NE,5
DODGE,WI,12
DONA ANA,NM,56
DOOLY,GA,17
DOOR,WI,5
DORADO,PR,1
DORCHESTER,MD,3
DORCHESTER,SC,70
DOUGHERTY,GA,160
DOUGLAS,CO,103
DOUGLAS,GA,208
DOUGLAS,KS,15
DOUGLAS,MO,1
DOUGLAS,NE,78
DOUGLAS,OR,7
DOUGLAS,WA,5
DREW,AR,1
DUBOIS,IN,3
DUBUQUE,IA,9
DUKES,MA,1
DUNN,WI,2
DUPAGE,IL,528
DUTCHESS,NY,96
DUVAL,FL,662
DUVAL,TX,1
DYER,TN,3
EAGLE,CO,14
EARLY,GA,7
EAST BATON ROUGE,LA,228
EAST CARROLL,LA,3
EAST FELICIANA,LA,6
EASTLAND,TX,3
EATON,MI,10
EAU CLAIRE,WI,5
ECTOR,TX,89
EDDY,NM,2
EDGAR,IL,2
EDGEFIELD,SC,4
EFFINGHAM,GA,19
EFFINGHAM,IL,3
EL PASO,CO,195
EL PASO,TX,209
ELBERT,CO,10
ELBERT,GA,3
ELK,PA,3
ELKHART,IN,83
ELLIS,KS,5
ELLIS,TX,91
ELMORE,AL,8
ELMORE,ID,1
EMANUEL,GA,13
EMMET,MI,6
EMPORIA,VA,3
ERATH,TX,18
ERIE,NY,158
ERIE,OH,12
ERIE,PA,38
ESCAMBIA,AL,9
ESCAMBIA,FL,143
ESSEX,MA,266
ESSEX,NJ,653
ESSEX,NY,2
ESSEX,VA,1
ETOWAH,AL,45
EVANGELINE,LA,4
EVANS,GA,3
FAIRBANKS NORTH STAR,AK,1
FAIRFAX,VA,628
FAIRFAX CITY,VA,8
FAIRFIELD,CT,537
FAIRFIELD,OH,28
FAIRFIELD,SC,6
FALLS CHURCH CITY,VA,15
FANNIN,GA,9
FANNIN,TX,6
FAULKNER,AR,11
FAUQUIER,VA,22
FAYETTE,AL,14
FAYETTE,GA,155
FAYETTE,IA,1
FAYETTE,IL,1
FAYETTE,IN,2
FAYETTE,KY,62
FAYETTE,OH,3
FAYETTE,PA,7
FAYETTE,TN,16
FAYETTE,WV,7
FINNEY,KS,8
FLAGLER,FL,55
FLATHEAD,MT,6
FLEMING,KY,2
FLORENCE,SC,134
FLOYD,GA,30
FLOYD,IA,4
FLOYD,IN,7
FLOYD,KY,1
FLOYD,VA,4
FLUVANNA,VA,1
FOND DU LAC,WI,22
FORD,IL,1
FORD,KS,6
FOREST,WI,3
FORREST,MS,13
FORSYTH,GA,114
FORT BEND,TX,607
FRANKLIN,AL,4
FRANKLIN,GA,4
FRANKLIN,ID,4
FRANKLIN,IL,3
FRANKLIN,IN,6
FRANKLIN,KS,3
FRANKLIN,KY,8
FRANKLIN,LA,12
FRANKLIN,MA,28
FRANKLIN,ME,5
FRANKLIN,MO,4
FRANKLIN,NY,2
FRANKLIN,OH,646
FRANKLIN,PA,12
FRANKLIN,TN,3
FRANKLIN,VA,15
FRANKLIN,WA,12
FRANKLIN CITY,VA,1
FREDERICK,MD,81
FREDERICK,VA,13
FREDERICKSBURG CITY,VA,15
FREEBORN,MN,2
FREESTONE,TX,4
FREMONT,CO,7
FREMONT,IA,1
FREMONT,WY,2
FRIO,TX,1
FULTON,GA,2128
FULTON,IL,1
FULTON,IN,6
FULTON,NY,10
FULTON,OH,3
FULTON,PA,2
GADSDEN,FL,20
GAGE,NE,4
GAINES,TX,2
GALAX CITY,VA,5
GALLATIN,KY,2
GALLATIN,MT,14
GALVESTON,TX,103
GARFIELD,CO,10
GARFIELD,OK,7
GARLAND,AR,12
GARRARD,KY,4
GARRETT,MD,1
GARVIN,OK,5
GASCONADE,MO,1
GEARY,KS,3
GEAUGA,OH,18
GENESEE,MI,105
GENESEE,NY,2
GENEVA,AL,5
GEORGE,MS,2
GEORGETOWN,SC,9
GIBSON,IN,1
GIBSON,TN,3
GILA,AZ,1
GILCHRIST,FL,5
GILES,TN,4
GILES,VA,1
GILLESPIE,TX,3
GILMER,GA,9
GILMER,WV,1
GILPIN,CO,7
GLADES,FL,1
GLADWIN,MI,2
GLOUCESTER,NJ,56
GLOUCESTER,VA,3
GLYNN,GA,64
GONZALES,TX,1
GOOCHLAND,VA,7
GOODHUE,MN,4
GOODING,ID,3
GORDON,GA,11
GRADY,GA,5
GRADY,OK,5
GRAFTON,NH,4
GRAHAM,AZ,4
GRAINGER,TN,3
GRAND,CO,8
GRAND,UT,3
GRAND TRAVERSE,MI,16
GRANT,AR,2
GRANT,IN,4
GRANT,KS,1
GRANT,LA,2
GRANT,NM,2
GRANT,WA,6
GRANT,WI,3
GRATIOT,MI,3
GRAVES,KY,12
GRAY,KS,1
GRAY,TX,2
GRAYS HARBOR,WA,11
GRAYSON,KY,2
GRAYSON,TX,21
GREEN,WI,25
GREEN LAKE,WI,5
GREENBRIER,WV,6
GREENE,AL,3
GREENE,AR,3
GREENE,GA,6
GREENE,IL,1
GREENE,IN,2
GREENE,MO,26
GREENE,NY,4
GREENE,OH,21
GREENE,PA,1
GREENE,TN,3
GREENE,VA,1
GREENUP,KY,2
GREENVILLE,SC,208
GREENWOOD,SC,13
GREGG,TX,16
GRENADA,MS,2
GRIMES,TX,3
GRUNDY,IA,1
GRUNDY,IL,8
GRUNDY,MO,1
GUADALUPE,TX,42
GUAM,GU,5
GUAYNABO,PR,2
GUERNSEY,OH,3
GUILFORD,NC,1
GULF,FL,4
GUNNISON,CO,3
GWINNETT,GA,1296
HABERSHAM,GA,5
HALE,AL,9
HALE,TX,2
HALIFAX,VA,10
HALL,GA,96
HALL,NE,6
HAMBLEN,TN,28
HAMILTON,FL,3
HAMILTON,IA,1
HAMILTON,IN,131
HAMILTON,NY,1
HAMILTON,OH,258
HAMILTON,TN,158
HAMILTON,TX,2
HAMPDEN,MA,129
HAMPSHIRE,MA,146
HAMPTON,SC,2
HAMPTON CITY,VA,32
HANCOCK,GA,10
HANCOCK,IA,1
HANCOCK,IL,4
HANCOCK,IN,15
HANCOCK,ME,8
HANCOCK,MS,6
HANCOCK,OH,6
HANCOCK,TN,2
HANOVER,VA,9
HARALSON,GA,3
HARDEE,FL,10
HARDEMAN,TN,6
HARDIN,KY,10
HARDIN,OH,2
HARDIN,TN,3
HARDIN,TX,10
HARDY,WV,1
HARFORD,MD,89
HARLAN,KY,3
HARPER,KS,1
HARRIS,GA,19
HARRIS,TX,3306
HARRISON,IN,3
HARRISON,MS,65
HARRISON,OH,1
HARRISON,TX,14
HARRISON,WV,8
HARRISONBURG CITY,VA,13
HART,GA,4
HART,KY,2
HARTFORD,CT,353
HARVEY,KS,3
HASKELL,TX,1
HAWAII,HI,58
HAWKINS,TN,6
HAYS,TX,57
HAYWOOD,TN,3
HEARD,GA,2
HENDERSON,KY,4
HENDERSON,TX,11
HENDRICKS,IN,32
HENDRY,FL,17
HENNEPIN,MN,351
HENRICO,VA,114
HENRY,AL,2
HENRY,GA,439
HENRY,IA,2
HENRY,IL,6
HENRY,IN,8
HENRY,KY,1
HENRY,MO,2
HENRY,OH,6
HENRY,TN,2
HENRY,VA,21
HERKIMER,NY,4
HERNANDO,FL,92
HICKMAN,TN,7
HICKORY,MO,1
HIDALGO,TX,217
HIGHLAND,OH,3
HIGHLANDS,FL,60
HILL,TX,2
HILLSBOROUGH,FL,1684
HILLSBOROUGH,NH,64
HILLSDALE,MI,1
HINDS,MS,122
HOCKING,OH,1
HOCKLEY,TX,2
HODGEMAN,KS,1
HOLMES,FL,5
HOLMES,MS,13
HOLMES,OH,5
HONOLULU,HI,221
HOOD,TX,16
HOOD RIVER,OR,12
HOPEWELL CITY,VA,4
HOPKINS,KY,3
HOPKINS,TX,9
HORRY,SC,61
HOT SPRING,AR,3
HOUSTON,AL,23
HOUSTON,GA,87
HOUSTON,MN,1
HOUSTON,TX,1
HOWARD,IN,9
HOWARD,MD,232
HOWARD,TX,4
HOWELL,MO,3
HUBBARD,MN,1
HUDSON,NJ,595
HUDSPETH,TX,1
HUERFANO,CO,2
HUGHES,OK,1
HUMPHREYS,MS,7
HUMPHREYS,TN,1
HUNT,TX,15
HUNTERDON,NJ,54
HUNTINGTON,IN,1
HURON,OH,7
IBERIA,LA,24
IBERVILLE,LA,4
INDEPENDENCE,AR,1
INDIAN RIVER,FL,118
INDIANA,PA,5
INGHAM,MI,48
IONIA,MI,2
IOWA,IA,1
IOWA,WI,2
IRON,MI,2
IRON,UT,4
IRON,WI,1
IRWIN,GA,5
ISABELLA,MI,2
ISANTI,MN,1
ISLAND,WA,13
ISLE OF WIGHT,VA,5
ITASCA,MN,2
ITAWAMBA,MS,2
JACK,TX,1
JACKSON,AL,1
JACKSON,AR,1
JACKSON,FL,15
JACKSON,GA,31
JACKSON,IA,2
JACKSON,IL,4
JACKSON,LA,5
JACKSON,MI,5
JACKSON,MO,135
JACKSON,MS,30
JACKSON,OH,2
JACKSON,OK,1
JACKSON,OR,35
JACKSON,TX,1
JACKSON,WV,1
JAMES CITY,VA,17
JASPER,GA,9
JASPER,IA,1
JASPER,IL,2
JASPER,IN,8
JASPER,MO,9
JASPER,MS,6
JASPER,SC,9
JASPER,TX,4
JAY,IN,1
JEFF DAVIS,GA,2
JEFFERSON,AL,332
JEFFERSON,AR,13
JEFFERSON,CO,199
JEFFERSON,FL,2
JEFFERSON,GA,4
JEFFERSON,IA,1
JEFFERSON,ID,4
JEFFERSON,IL,3
JEFFERSON,IN,3
JEFFERSON,KS,1
JEFFERSON,KY,187
JEFFERSON,LA,383
JEFFERSON,MO,11
JEFFERSON,MS,2
JEFFERSON,MT,2
JEFFERSON,NY,8
JEFFERSON,OH,5
JEFFERSON,OR,3
JEFFERSON,PA,5
JEFFERSON,TN,17
JEFFERSON,TX,102
JEFFERSON,WA,9
JEFFERSON,WI,24
JEFFERSON,WV,10
JEFFERSON DAVIS,LA,4
JEFFERSON DAVIS,MS,1
JENKINS,GA,1
JENNINGS,IN,3
JESSAMINE,KY,9
JIM HOGG,TX,2
JIM WELLS,TX,6
JO DAVIESS,IL,2
JOHNSON,AR,2
JOHNSON,IA,62
JOHNSON,IN,33
JOHNSON,KS,87
JOHNSON,KY,3
JOHNSON,NE,1
JOHNSON,TN,1
JOHNSON,TX,34
JOHNSON,WY,1
JOHNSTON,OK,1
JONES,GA,22
JONES,IA,1
JONES,MS,12
JOSEPHINE,OR,11
JUAB,UT,3
JUNEAU,AK,5
JUNIATA,PA,1
KALAMAZOO,MI,38
KALKASKA,MI,3
KANAWHA,WV,17
KANDIYOHI,MN,6
KANE,IL,178
KANKAKEE,IL,13
KARNES,TX,2
KAUAI,HI,29
KAUFMAN,TX,49
KAY,OK,2
KEARNY,KS,1
KEITH,NE,1
KEMPER,MS,1
KENAI PENINSULA,AK,8
KENDALL,IL,68
KENDALL,TX,9
KENNEBEC,ME,7
KENOSHA,WI,36
KENT,DE,41
KENT,MD,4
KENT,MI,112
KENTON,KY,18
KERR,TX,23
KERSHAW,SC,25
KETCHIKAN GATEWAY,AK,1
KEWAUNEE,WI,7
KIMBLE,TX,1
KING,WA,1228
KING AND QUEEN,VA,1
KING GEORGE,VA,4
KINGMAN,KS,1
KINGS,NY,3132
KIOWA,OK,2
KITSAP,WA,67
KITTITAS,WA,11
KLAMATH,OR,5
KLEBERG,TX,3
KLICKITAT,WA,7
KNOTT,KY,2
KNOX,IL,3
KNOX,IN,2
KNOX,ME,7
KNOX,NE,1
KNOX,OH,7
KNOX,TN,113
KOOTENAI,ID,16
KOSCIUSKO,IN,12
KOSSUTH,IA,4
LA CROSSE,WI,24
LA PAZ,AZ,3
LA PLATA,CO,5
LA PORTE,IN,14
LA SALLE,IL,4
LA SALLE,LA,5
LA SALLE,TX,1
LABETTE,KS,1
LACKAWANNA,PA,18
LACLEDE,MO,4
LAFAYETTE,AR,3
LAFAYETTE,FL,1
LAFAYETTE,LA,81
LAFAYETTE,MO,1
LAFAYETTE,MS,10
LAFAYETTE,WI,2
LAFOURCHE,LA,25
LAGRANGE,IN,5
LAKE,CO,1
LAKE,FL,247
LAKE,IL,335
LAKE,IN,205
LAKE,MT,1
LAKE,OH,43
LAMAR,AL,3
LAMAR,GA,5
LAMAR,MS,9
LAMAR,TX,8
LAMPASAS,TX,1
LANCASTER,NE,27
LANCASTER,PA,88
LANCASTER,SC,35
LANE,OR,99
LANGLADE,WI,6
LANIER,GA,2
LAPEER,MI,9
LARAMIE,WY,21
LARIMER,CO,70
LARUE,KY,1
LATAH,ID,2
LATIMER,OK,1
LAUDERDALE,AL,9
LAUDERDALE,MS,21
LAUDERDALE,TN,11
LAUREL,KY,8
LAURENS,GA,24
LAURENS,SC,12
LAWRENCE,IL,1
LAWRENCE,IN,2
LAWRENCE,KY,2
LAWRENCE,MO,2
LAWRENCE,MS,2
LAWRENCE,OH,2
LAWRENCE,PA,3
LAWRENCE,TN,1
LE FLORE,OK,1
LE SUEUR,MN,2
LEA,NM,17
LEAKE,MS,1
LEAVENWORTH,KS,7
LEBANON,PA,19
LEE,AL,67
LEE,AR,1
LEE,FL,551
LEE,GA,18
LEE,IA,1
LEE,MS,47
LEE,SC,2
LEE,TX,1
LEE,VA,4
LEELANAU,MI,3
LEFLORE,MS,9
LEHIGH,PA,132
LEMHI,ID,4
LENAWEE,MI,6
LEON,FL,215
LEVY,FL,8
LEWIS,WA,11
LEWIS,WV,1
LEWIS AND CLARK,MT,4
LEXINGTON,SC,94
LEXINGTON CITY,VA,1
LIBERTY,FL,6
LIBERTY,GA,34
LIBERTY,TX,25
LICKING,OH,27
LIMESTONE,AL,18
LIMESTONE,TX,2
LINCOLN,GA,3
LINCOLN,ID,1
LINCOLN,KY,4
LINCOLN,LA,16
LINCOLN,ME,7
LINCOLN,MN,1
LINCOLN,MO,5
LINCOLN,MS,19
LINCOLN,NE,2
LINCOLN,NM,1
LINCOLN,OK,3
LINCOLN,OR,7
LINCOLN,TN,3
LINCOLN,WI,2
LINCOLN,WV,1
LINCOLN,WY,1
LINN,IA,61
LINN,MO,1
LINN,OR,18
LITCHFIELD,CT,34
LIVINGSTON,IL,3
LIVINGSTON,KY,2
LIVINGSTON,LA,42
LIVINGSTON,MI,24
LIVINGSTON,MO,1
LIVINGSTON,NY,8
LLANO,TX,1
LOGAN,CO,1
LOGAN,KY,2
LOGAN,OH,2
LOGAN,OK,6
LOGAN,WV,1
LONG,GA,3
LONOKE,AR,12
LORAIN,OH,51
LOS ALAMOS,NM,1
LOS ANGELES,CA,1
LOUDON,TN,13
LOUDOUN,VA,176
LOUISA,VA,3
LOWNDES,AL,2
LOWNDES,GA,43
LOWNDES,MS,27
LUBBOCK,TX,53
LUCAS,IA,2
LUCAS,OH,143
LUMPKIN,GA,11
LUNA,NM,2
LUZERNE,PA,49
LYCOMING,PA,10
LYNCHBURG CITY,VA,17
MACKINAC,MI,1
MACOMB,MI,240
MACON,AL,12
MACON,GA,4
MACON,IL,24
MACON,MO,2
MACOUPIN,IL,2
MADISON,AL,114
MADISON,FL,4
MADISON,GA,9
MADISON,IA,1
MADISON,IL,34
MADISON,IN,19
MADISON,KY,11
MADISON,LA,1
MADISON,MO,2
MADISON,MS,41
MADISON,NE,1
MADISON,NY,7
MADISON,OH,4
MADISON,TN,12
MADISON,TX,2
MADISON,VA,2
MAHASKA,IA,1
MAHONING,OH,69
MANASSAS CITY,VA,39
MANASSAS PARK CITY,VA,2
MANATEE,FL,237
MANISTEE,MI,1
MANITOWOC,WI,15
MARATHON,WI,8
MARENGO,AL,7
MARICOPA,AZ,1484
MARINETTE,WI,1
MARION,AL,4
MARION,AR,3
MARION,FL,189
MARION,GA,1
MARION,IA,3
MARION,IN,350
MARION,KY,2
MARION,MS,5
MARION,OH,3
MARION,OR,102
MARION,SC,4
MARION,TN,7
MARION,TX,5
MARION,WV,4
MARLBORO,SC,16
MARQUETTE,MI,1
MARQUETTE,WI,1
MARSHALL,AL,8
MARSHALL,IA,2
MARSHALL,IL,2
MARSHALL,IN,2
MARSHALL,KS,1
MARSHALL,KY,5
MARSHALL,MS,38
MARSHALL,OK,1
MARSHALL,TN,5
MARTIN,FL,115
MARTIN,MN,1
MARTIN,TX,2
MARTINSVILLE CITY,VA,3
MASON,MI,2
MASON,TX,1
MASON,WA,7
MASSAC,IL,1
MATAGORDA,TX,7
MATANUSKA SUSITNA,AK,10
MAUI,HI,129
MAURY,TN,38
MAVERICK,TX,4
MAYES,OK,3
MCCLAIN,OK,3
MCCRACKEN,KY,9
MCCULLOCH,TX,1
MCCURTAIN,OK,3
MCDONALD,MO,1
MCDONOUGH,IL,4
MCDOWELL,WV,1
MCDUFFIE,GA,6
MCHENRY,IL,116
MCINTOSH,GA,3
MCINTOSH,OK,1
MCKEAN,PA,4
MCKINLEY,NM,2
MCLEAN,IL,25
MCLENNAN,TX,36
MCMINN,TN,7
MCNAIRY,TN,1
MCPHERSON,KS,3
MECKLENBURG,VA,7
MECOSTA,MI,1
MEDINA,OH,28
MEDINA,TX,5
MEEKER,MN,1
MENARD,TX,1
MENIFEE,KY,1
MERCER,KY,1
MERCER,NJ,140
MERCER,OH,1
MERCER,PA,10
MERCER,WV,6
MERIWETHER,GA,9
MERRIMACK,NH,8
MESA,CO,11
MIAMI,IN,10
MIAMI,OH,12
MIAMI-DADE,FL,6341
MIDDLESEX,CT,35
MIDDLESEX,MA,442
MIDDLESEX,NJ,619
MIDDLESEX,VA,3
MIDLAND,MI,8
MIDLAND,TX,84
MIFFLIN,PA,2
MILAM,TX,1
MILLE LACS,MN,1
MILLER,AR,2
MILLER,GA,1
MILLS,TX,1
MILWAUKEE,WI,439
MISSAUKEE,MI,2
MISSISSIPPI,AR,5
MISSISSIPPI,MO,2
MISSOULA,MT,7
MITCHELL,GA,18
MITCHELL,KS,1
MITCHELL,TX,3
MOBILE,AL,455
MOHAVE,AZ,26
MONITEAU,MO,1
MONMOUTH,NJ,487
MONONGALIA,WV,9
MONROE,AL,20
MONROE,AR,1
MONROE,FL,71
MONROE,GA,6
MONROE,IN,25
MONROE,MI,19
MONROE,MS,10
MONROE,NY,97
MONROE,OH,3
MONROE,PA,45
MONROE,TN,1
MONROE,WI,2
MONTAGUE,TX,2
MONTCALM,MI,5
MONTGOMERY,AL,105
MONTGOMERY,GA,2
MONTGOMERY,IN,3
MONTGOMERY,KS,2
MONTGOMERY,KY,1
MONTGOMERY,MD,777
MONTGOMERY,MO,1
MONTGOMERY,MS,3
MONTGOMERY,NY,12
MONTGOMERY,OH,98
MONTGOMERY,PA,262
MONTGOMERY,TN,34
MONTGOMERY,TX,229
MONTGOMERY,VA,11
MONTOUR,PA,1
MONTROSE,CO,6
MOREHOUSE,LA,10
MORGAN,AL,11
MORGAN,GA,10
MORGAN,IN,12
MORGAN,KY,1
MORGAN,MO,3
MORGAN,UT,1
MORGAN,WV,1
MORRIS,KS,2
MORRIS,NJ,336
MORROW,OH,2
MOULTRIE,IL,1
MULTNOMAH,OR,384
MURRAY,GA,2
MUSCATINE,IA,5
MUSCOGEE,GA,170
MUSKEGON,MI,6
MUSKINGUM,OH,8
MUSKOGEE,OK,9
"NACOGDOCHES",TX,5
"NANTUCKET",MA,4
"NASSAU",FL,30
"NASSAU",NY,1431
"NATCHITOCHES",LA,3
"NATRONA",WY,9
"NAVAJO",AZ,11
"NAVARRO",TX,6
NELSON,KY,3
NELSON,VA,1
NEOSHO,KS,1
NESHOBA,MS,5
NEVADA,AR,1
NEW CASTLE,DE,195
NEW HANOVER,NC,1
NEW HAVEN,CT,237
NEW KENT,VA,2
NEW LONDON,CT,63
NEW YORK,NY,2029
NEWAYGO,MI,1
NEWBERRY,SC,14
NEWPORT NEWS CITY,VA,29
NEWTON,AR,1
NEWTON,GA,115
NEWTON,MO,4
NEWTON,MS,3
NEWTON,TX,1
NEZ PERCE,ID,1
NIAGARA,NY,32
NICHOLAS,KY,1
NICHOLAS,WV,6
NICOLLET,MN,2
NOBLE,IN,5
NOBLE,OK,1
NODAWAY,MO,1
NOLAN,TX,1
NORFOLK,MA,238
NORFOLK CITY,VA,58
NORTH SLOPE,AK,1
NORTHAMPTON,PA,91
NORTHAMPTON,VA,3
NORTHUMBERLAND,PA,20
NORTHUMBERLAND,VA,3
NORTON,KS,1
NOTTOWAY,VA,1
NOWATA,OK,1
NOXUBEE,MS,3
NUECES,TX,62
OAKLAND,MI,546
OBION,TN,6
OCEAN,NJ,482
OCHILTREE,TX,4
OCONEE,GA,26
OCONEE,SC,15
OCONTO,WI,8
OGEMAW,MI,1
OGLE,IL,7
OGLETHORPE,GA,2
OHIO,IN,1
OHIO,WV,2
OKALOOSA,FL,101
OKANOGAN,WA,3
OKEECHOBEE,FL,25
OKFUSKEE,OK,1
OKLAHOMA,OK,215
OKMULGEE,OK,7
OKTIBBEHA,MS,31
OLDHAM,KY,8
OLMSTED,MN,9
ONEIDA,NY,35
ONEIDA,WI,4
ONONDAGA,NY,66
ONSLOW,NC,1
ONTARIO,NY,14
ORANGE,FL,2101
ORANGE,NY,235
ORANGE,TX,18
ORANGE,VA,9
ORANGEBURG,SC,64
ORLEANS,LA,388
ORLEANS,NY,3
OSAGE,KS,1
OSAGE,OK,1
OSCEOLA,FL,527
OSCEOLA,MI,1
OSCODA,MI,2
OSWEGO,NY,14
OTERO,CO,1
OTERO,NM,6
OTSEGO,MI,4
OTSEGO,NY,5
OTTAWA,MI,34
OTTAWA,OH,5
OTTAWA,OK,1
OTTER TAIL,MN,2
OUACHITA,AR,3
OUACHITA,LA,38
OUTAGAMIE,WI,124
OVERTON,TN,1
OWEN,IN,3
OWYHEE,ID,1
OXFORD,ME,6
OZAUKEE,WI,22
PACIFIC,WA,2
PAGE,VA,1
PALM BEACH,FL,2449
PALO PINTO,TX,6
PANOLA,MS,8
PANOLA,TX,7
PARK,CO,5
PARK,MT,4
PARK,WY,4
PARKE,IN,2
PARKER,TX,35
PASCO,FL,316
PASSAIC,NJ,401
PATRICK,VA,8
PAULDING,GA,88
PAWNEE,NE,1
PAWNEE,OK,2
PAYETTE,ID,2
PAYNE,OK,10
PEACH,GA,17
PEARL RIVER,MS,13
PEMISCOT,MO,1
PEND OREILLE,WA,2
PENDLETON,KY,1
PENOBSCOT,ME,8
PEORIA,IL,12
PERRY,AL,2
PERRY,AR,1
PERRY,IL,11
PERRY,MO,1
PERRY,OH,1
PERRY,PA,2
PERRY,TN,1
PETERSBURG,AK,2
PETERSBURG CITY,VA,21
PETTIS,MO,5
PHELPS,MO,2
PHILADELPHIA,PA,746
PHILLIPS,AR,1
PICKAWAY,OH,9
PICKENS,AL,2
PICKENS,GA,10
PICKENS,SC,33
PIERCE,GA,12
PIERCE,WA,253
PIERCE,WI,2
PIKE,AL,5
PIKE,GA,9
PIKE,IL,1
PIKE,KY,6
PIKE,MO,2
PIKE,MS,15
PIKE,OH,3
PIKE,PA,10
PIMA,AZ,230
PINAL,AZ,70
PINELLAS,FL,655
PISCATAQUIS,ME,1
PITKIN,CO,4
PITTSBURG,OK,2
PITTSYLVANIA,VA,11
PLAQUEMINES,LA,15
PLATTE,MO,27
PLATTE,NE,1
PLATTE,WY,1
PLEASANTS,WV,1
PLYMOUTH,IA,1
PLYMOUTH,MA,123
POCAHONTAS,WV,1
POINSETT,AR,2
POINTE COUPEE,LA,2
POLK,FL,593
POLK,GA,16
POLK,IA,126
POLK,MN,1
POLK,MO,1
POLK,OR,9
POLK,TN,1
POLK,TX,15
POLK,WI,2
PONTOTOC,MS,3
POPE,AR,13
POPE,IL,1
POQUOSON CITY,VA,2
PORTAGE,OH,27
PORTAGE,WI,4
PORTER,IN,24
PORTSMOUTH CITY,VA,33
POTTAWATOMIE,OK,7
POTTAWATTAMIE,IA,6
POTTER,PA,2
POTTER,TX,9
POWER,ID,2
POWESHIEK,IA,6
PRATT,KS,1
PREBLE,OH,8
PRENTISS,MS,2
PRESIDIO,TX,1
PRESTON,WV,3
PRICE,WI,2
PRINCE EDWARD,VA,3
PRINCE GEORGE,VA,2
PRINCE GEORGES,MD,743
PRINCE WILLIAM,VA,266
PROWERS,CO,3
PUEBLO,CO,34
PULASKI,AR,100
PULASKI,GA,11
PULASKI,IL,1
PULASKI,IN,4
PULASKI,KY,5
PULASKI,MO,5
PULASKI,VA,5
PUSHMATAHA,OK,1
PUTNAM,FL,25
PUTNAM,GA,21
PUTNAM,IL,1
PUTNAM,IN,2
PUTNAM,MO,1
PUTNAM,NY,54
PUTNAM,TN,14
PUTNAM,WV,9
QUEEN ANNES,MD,9
QUEENS,NY,2775
QUITMAN,GA,1
QUITMAN,MS,2
RABUN,GA,2
RACINE,WI,66
RADFORD,VA,4
RAINS,TX,1
RALEIGH,WV,11
RAMSEY,MN,92
RANDALL,TX,10
RANDOLPH,AL,13
RANDOLPH,GA,5
RANDOLPH,IL,3
RANDOLPH,IN,2
RANKIN,MS,29
RAPIDES,LA,34
RAVALLI,MT,2
RAY,MO,2
REEVES,TX,1
REFUGIO,TX,1
RENO,KS,5
RENSSELAER,NY,17
RENVILLE,MN,2
RHEA,TN,3
RICE,MN,6
RICHLAND,IL,10
RICHLAND,LA,1
RICHLAND,MT,2
RICHLAND,OH,10
RICHLAND,SC,246
RICHLAND,WI,1
RICHMOND,GA,100
RICHMOND,NY,292
RICHMOND CITY,VA,54
RILEY,KS,2
RINGGOLD,IA,1
RIO ARRIBA,NM,1
RIO GRANDE,CO,2
RIPLEY,IN,1
RITCHIE,WV,1
ROANE,TN,4
ROANOKE,VA,20
ROANOKE CITY,VA,29
ROBERTSON,KY,1
ROBERTSON,TN,40
ROBERTSON,TX,1
ROCK,WI,27
ROCK ISLAND,IL,23
ROCKCASTLE,KY,2
ROCKDALE,GA,207
ROCKINGHAM,NH,58
ROCKINGHAM,VA,12
ROCKLAND,NY,491
ROCKWALL,TX,78
ROGERS,OK,8
ROOSEVELT,MT,2
ROOSEVELT,NM,3
ROSS,OH,7
ROUTT,CO,4
ROWAN,KY,2
RUSH,IN,4
RUSK,TX,6
RUSSELL,AL,47
RUSSELL,VA,3
RUTHERFORD,TN,115
SABINE,LA,6
SABINE,TX,2
SAGADAHOC,ME,5
SAGINAW,MI,32
SAINT BERNARD,LA,24
SAINT CHARLES,LA,16
SAINT CHARLES,MO,43
SAINT CLAIR,AL,30
SAINT CLAIR,IL,33
SAINT CLAIR,MI,20
SAINT CLAIR,MO,1
SAINT CROIX,VI,2
SAINT CROIX,WI,3
SAINT FRANCIS,AR,3
SAINT FRANCOIS,MO,4
SAINT HELENA,LA,4
SAINT JAMES,LA,16
SAINT JOHN,VI,9
SAINT JOHNS,FL,151
SAINT JOSEPH,MI,11
SAINT LANDRY,LA,11
SAINT LAWRENCE,NY,4
SAINT LOUIS,MN,15
SAINT LOUIS,MO,236
SAINT LOUIS CITY,MO,100
SAINT LUCIE,FL,382
SAINT MARTIN,LA,22
SAINT MARY,LA,11
SAINT MARYS,MD,22
SAINT TAMMANY,LA,200
SAINT THOMAS,VI,1
SAINTE GENEVIEVE,MO,1
SALEM,NJ,8
SALEM,VA,7
SALINE,AR,20
SALT LAKE,UT,223
SALUDA,SC,1
SAN JACINTO,TX,7
SAN JUAN,NM,2
SAN JUAN,PR,3
SAN JUAN,WA,4
SAN MIGUEL,CO,4
SAN MIGUEL,NM,1
SAN PATRICIO,TX,7
SAN SABA,TX,1
SANDOVAL,NM,11
SANDUSKY,OH,4
SANGAMON,IL,20
SANILAC,MI,3
SANPETE,UT,1
SANTA BARBARA,CA,1
SANTA CLARA,CA,1
SANTA CRUZ,AZ,9
SANTA FE,NM,37
SANTA ROSA,FL,69
SARASOTA,FL,271
SARATOGA,NY,34
SARPY,NE,7
SAUK,WI,5
SCHENECTADY,NY,34
SCHLEY,GA,2
SCHOHARIE,NY,8
SCHUYLKILL,PA,19
SCIOTO,OH,5
SCOTT,IA,34
SCOTT,KY,9
SCOTT,MN,26
SCOTT,MO,2
SCOTT,MS,1
SCOTT,TN,4
SCREVEN,GA,1
SCURRY,TX,1
SEBASTIAN,AR,8
SEDGWICK,KS,171
SEMINOLE,FL,419
SEMINOLE,GA,10
SEMINOLE,OK,5
SENECA,NY,2
SENECA,OH,1
SEVIER,TN,12
SEWARD,NE,3
SHARP,AR,2
SHAWANO,WI,19
SHAWNEE,KS,10
SHEBOYGAN,WI,11
SHELBY,AL,76
SHELBY,IN,5
SHELBY,KY,9
SHELBY,OH,2
SHELBY,TN,989
SHELBY,TX,2
SHENANDOAH,VA,6
SHERBURNE,MN,10
SHERIDAN,WY,10
SHERMAN,KS,1
SHIAWASSEE,MI,1
SIMPSON,MS,2
SIOUX,IA,1
SITKA,AK,3
SKAGIT,WA,20
SKAMANIA,WA,1
SMITH,MS,3
SMITH,TN,3
SMITH,TX,34
SMYTH,VA,1
SNOHOMISH,WA,288
SNYDER,PA,14
SOCORRO,NM,2
SOMERSET,MD,7
SOMERSET,ME,2
SOMERSET,NJ,193
SOMERSET,PA,3
SOMERVELL,TX,1
SOUTHAMPTON,VA,1
SOUTHEAST FAIRBANKS,AK,1
SPALDING,GA,76
SPARTANBURG,SC,90
SPENCER,IN,1
SPOKANE,WA,57
SPOTSYLVANIA,VA,28
ST JOHN THE BAPTIST,LA,25
ST JOSEPH,IN,38
STAFFORD,VA,49
STARK,OH,103
STARKE,IN,5
STARR,TX,3
STAUNTON CITY,VA,6
STEARNS,MN,20
STEELE,MN,6
STEPHENS,GA,6
STEPHENS,OK,1
STEPHENSON,IL,6
STEUBEN,IN,5
STEUBEN,NY,2
STEVENS,KS,1
STEVENS,WA,4
STEWART,TN,3
STONE,MS,2
STORY,IA,10
STRAFFORD,NH,7
SUBLETTE,WY,3
SUFFOLK,MA,358
SUFFOLK,NY,1101
SUFFOLK CITY,VA,21
SULLIVAN,IN,2
SULLIVAN,NY,27
SULLIVAN,TN,29
SUMMIT,CO,17
SUMMIT,OH,154
SUMMIT,UT,15
SUMNER,TN,73
SUMTER,AL,7
SUMTER,FL,33
SUMTER,GA,40
SUMTER,SC,25
SUNFLOWER,MS,26
SUSQUEHANNA,PA,1
SUSSEX,DE,44
SUSSEX,NJ,116
SUSSEX,VA,1
SUWANNEE,FL,9
SWEET GRASS,MT,1
SWIFT,MN,1
TALBOT,GA,4
TALBOT,MD,10
TALLADEGA,AL,27
TALLAHATCHIE,MS,3
TALLAPOOSA,AL,7
TANEY,MO,7
TANGIPAHOA,LA,41
TAOS,NM,3
TARRANT,TX,962
TATE,MS,11
TATTNALL,GA,4
TAYLOR,FL,3
TAYLOR,GA,18
TAYLOR,KY,4
TAYLOR,TX,21
TAYLOR,WV,2
TAZEWELL,IL,5
TAZEWELL,VA,3
TELFAIR,GA,3
TELLER,CO,8
TERREBONNE,LA,40
TERRELL,GA,8
TERRY,TX,1
TETON,ID,1
TETON,WY,2
TEXAS,MO,1
TEXAS,OK,1
THOMAS,GA,9
THURSTON,WA,58
TIFT,GA,11
TILLAMOOK,OR,3
TIOGA,NY,2
TIPPAH,MS,2
TIPPECANOE,IN,17
TIPTON,IN,1
TIPTON,TN,15
TITUS,TX,2
TOLLAND,CT,51
TOM GREEN,TX,14
TOMPKINS,NY,11
TOOELE,UT,6
TOOMBS,GA,9
TORRANCE,NM,2
TOWNS,GA,4
TRAVIS,TX,594
TREGO,KS,1
TRINITY,TX,5
TROUP,GA,99
TROUSDALE,TN,2
TRUMBULL,OH,29
TULSA,OK,107
TUNICA,MS,3
TURNER,GA,3
TUSCALOOSA,AL,113
TUSCARAWAS,OH,9
TUSCOLA,MI,2
TWIGGS,GA,9
TWIN FALLS,ID,5
TYLER,TX,2
UINTA,WY,1
UINTAH,UT,3
ULSTER,NY,43
UMATILLA,OR,7
UNION,AR,4
UNION,FL,3
UNION,GA,10
UNION,IN,1
UNION,LA,5
UNION,MS,6
UNION,NJ,389
UNION,OH,7
UNION,OR,1
UNION,PA,3
UNION,TN,1
UPSHUR,TX,7
UPSON,GA,16
UTAH,UT,179
UVALDE,TX,1
VAL VERDE,TX,3
VALDEZ CORDOVA,AK,1
VALENCIA,NM,13
VALLEY,ID,1
VALLEY,MT,1
VALLEY,NE,1
VAN BUREN,AR,1
VAN BUREN,MI,12
VAN WERT,OH,1
VAN ZANDT,TX,2
VANDERBURGH,IN,23
VENANGO,PA,10
VERMILION,IL,3
VERMILION,LA,11
VERNON,LA,6
VICTORIA,TX,13
VIGO,IN,8
VILAS,WI,2
VIRGINIA BEACH CITY,VA,127
VOLUSIA,FL,325
WABASH,IL,1
WABASH,IN,11
WABAUNSEE,KS,1
WADENA,MN,2
WAGONER,OK,3
WAKE,NC,1
WAKULLA,FL,10
WALDO,ME,6
WALKER,AL,15
WALKER,GA,14
WALKER,TX,7
WALLA WALLA,WA,9
WALLER,TX,8
WALTHALL,MS,4
WALTON,FL,35
WALTON,GA,78
WALWORTH,WI,23
WAPELLO,IA,3
WARD,TX,1
WARE,GA,15
WARREN,IA,2
WARREN,KY,32
WARREN,MO,1
WARREN,MS,16
WARREN,NJ,56
WARREN,NY,2
WARREN,OH,29
WARREN,PA,9
WARREN,TN,3
WARREN,VA,8
WARRICK,IN,6
WASATCH,UT,2
WASCO,OR,2
WASECA,MN,2
WASHAKIE,WY,1
WASHBURN,WI,4
WASHINGTON,AL,4
WASHINGTON,AR,21
WASHINGTON,FL,6
WASHINGTON,GA,5
WASHINGTON,IN,1
WASHINGTON,KY,2
WASHINGTON,LA,52
WASHINGTON,MD,28
WASHINGTON,ME,4
WASHINGTON,MN,41
WASHINGTON,MO,1
WASHINGTON,MS,12
WASHINGTON,NE,1
WASHINGTON,NY,8
WASHINGTON,OH,1
WASHINGTON,OR,176
WASHINGTON,PA,47
WASHINGTON,TN,23
WASHINGTON,TX,2
WASHINGTON,UT,15
WASHINGTON,VA,2
WASHINGTON,WI,39
WASHTENAW,MI,67
WAUKESHA,WI,185
WAUPACA,WI,41
WAUSHARA,WI,7
WAYNE,GA,23
WAYNE,IL,1
WAYNE,IN,2
WAYNE,MI,847
WAYNE,MO,2
WAYNE,MS,13
WAYNE,NE,3
WAYNE,NY,14
WAYNE,OH,14
WAYNE,PA,6
WAYNE,TN,2
WAYNE,WV,2
WAYNESBORO CITY,VA,3
WEAKLEY,TN,2
WEBB,TX,102
WEBER,UT,39
WEBSTER,IA,6
WEBSTER,LA,25
WEBSTER,MS,3
WELD,CO,54
WELLS,IN,4
WEST BATON ROUGE,LA,5
WEST FELICIANA,LA,1
WESTCHESTER,NY,684
WESTMORELAND,PA,41
WESTMORELAND,VA,3
WESTON,WY,1
WHARTON,TX,9
WHATCOM,WA,38
WHITE,AR,7
WHITE,GA,1
WHITE,TN,2
WHITESIDE,IL,3
WHITFIELD,GA,10
WHITLEY,IN,2
WHITLEY,KY,3
WHITMAN,WA,1
WICHITA,TX,14
WICOMICO,MD,32
WILCOX,AL,1
WILCOX,GA,8
WILKES,GA,3
WILKIN,MN,1
WILKINSON,GA,8
WILKINSON,MS,1
WILL,IL,360
WILLACY,TX,4
WILLIAMS,OH,1
WILLIAMSBURG,SC,16
WILLIAMSBURG CITY,VA,7
WILLIAMSON,IL,9
WILLIAMSON,TN,143
WILLIAMSON,TX,261
WILSON,KS,1
WILSON,TN,36
WILSON,TX,11
WINCHESTER CITY,VA,5
WINDHAM,CT,19
WINDSOR,VT,2
WINKLER,TX,5
WINN,LA,1
WINNEBAGO,IA,1
WINNEBAGO,IL,98
WINNEBAGO,WI,88
WINNESHIEK,IA,1
WINONA,MN,3
WINSTON,AL,15
WINSTON,MS,3
WISE,TX,14
WISE,VA,2
WOOD,OH,13
WOOD,TX,5
WOOD,WI,8
WOOD,WV,7
WOODBURY,IA,6
WOODFORD,KY,6
WOODS,OK,1
WOODWARD,OK,1
WORCESTER,MA,130
WORCESTER,MD,12
WORTH,GA,5
WRIGHT,MN,14
WRIGHT,MO,3
WYANDOT,OH,3
WYANDOTTE,KS,21
WYOMING,NY,9
WYOMING,PA,1
WYTHE,VA,3
YAKIMA,WA,43
YAMHILL,OR,24
YATES,NY,1
YAVAPAI,AZ,52
YAZOO,MS,14
YELL,AR,1
YELLOWSTONE,MT,8
YOAKUM,TX,1
YORK,ME,11
YORK,PA,45
YORK,SC,103
YORK,VA,10
YOUNG,TX,1
YUMA,AZ,20
YUMA,CO,1
ZAPATA,TX,2
ZAVALA,TX,1
